era,spearman,numerai_corr,n
0579,0.01214528404119522,0.0014235592404366086,2560
0580,0.042052036168649304,0.027224943340011135,2560
0581,0.017666695792377278,0.007782857046299555,2560
0582,-0.011483672340806186,-0.022430532643382853,2560
0583,0.013130123615687623,0.015861504708949176,2560
0584,0.0024826538401424196,0.013120536494178478,2560
0585,-0.0006339366831212456,0.015291141033656773,2560
0586,-0.014718713726595778,-0.020621992101265443,2560
0587,0.005532605533880945,-0.003096744396971954,2560
0588,-0.027357759087114485,-0.027278985595710563,2560
0589,0.0022349781902840154,0.010813732000706067,2560
0590,-0.025693660392892087,-0.04128976712569758,2560
0591,-0.01984337125825421,-0.00932695529415296,2560
0592,0.0022231854330484486,0.008327715304418287,2560
0593,0.004270680267540214,0.0021072884455730335,2560
0594,-0.009323225797101944,-0.003047369032203239,2560
0595,0.05675682948969891,0.04249055286710491,2560
0596,-0.00542279512755611,-0.013516798375586616,2560
0597,-0.03181680425063335,-0.028432801872378746,2560
0598,0.020142073403546394,0.00935229672132348,2560
0599,-0.010848516139764482,0.016647228355740118,2560
0600,-0.005928766740016007,-0.02003712566648624,2560
0601,0.015413331865760422,0.005230744305147116,2560
0602,0.0151191385238581,0.004083006643588985,2560
0603,-0.0026679859075830785,0.00014472842907923913,2560
0604,-0.010411550302224064,-0.011527882278701124,2560
0605,0.0028342640286976787,0.0023668237237135935,2560
0606,-0.015185156051592926,0.005242872843027048,2560
0607,-0.006231083901896939,-0.01821885516003862,2560
0608,0.0367676594302246,0.0415776024372674,2560
0609,-0.010543583874344876,-0.018899521146119442,2560
0610,-0.033693967695604246,-0.033753236246473375,2560
0611,0.012902852460427215,0.00400271617181601,2560
0612,-0.016369747033319258,-0.004969384555319018,2560
0613,0.004890436727511233,0.0006248909194929533,2560
0614,0.042660494181670436,0.040833507339615306,2560
0615,0.002692470074917088,-0.004001340359556708,2560
0616,0.008126930269802725,-0.004698540610957435,2560
0617,0.025220920314685414,0.03681166694641015,2560
0618,0.01215807274938437,0.016884960466151445,2560
0619,0.004201221538255658,0.0002288330275029785,2560
0620,-0.023095530959132856,-0.015352444068351206,2560
0621,-0.03368544210741329,-0.027491193700023845,2560
0622,-0.001055932259448632,-0.020044935214523673,2560
0623,0.0003510911661161607,-0.008038136220243406,2560
0624,-0.018260843813513235,-0.012273690501853039,2560
0625,0.043642557445211644,0.02296204730760059,2560
0626,-0.023933583297631088,-0.023677799912861987,2560
0627,0.017393301906688047,0.026448355733339254,2560
0628,0.013040210064799839,-0.010489274275051605,2560
0629,0.03210934608312061,0.012676741925284583,2560
0630,0.016574359495817367,0.02518124835306429,2560
0631,-0.008797785826066927,-0.013361297576881837,2560
0632,0.015611676513507417,0.010016529851766999,2560
0633,-0.01026904703129494,-0.013521823039022256,2560
0634,-0.00392467111390056,-0.0030235789447319215,2560
0635,-0.013613601542520795,-0.0037089731507292654,2560
0636,-0.004364294757872754,-0.007170641178610642,2560
0637,0.002607094311252085,-0.0068405702282561005,2560
0638,0.004069184403964072,-0.0020559637111602614,2560
0639,0.015747038229956354,0.016450139673540178,2560
0640,-0.00039937183595956945,-0.006941954749578214,2560
0641,0.010786236170633567,0.006758278800225951,2560
0642,-0.014576587372301525,-0.00490565064219647,2560
0643,0.03297291006013611,0.030425990486304382,2560
0644,-0.0021942708377290297,0.009180332492329352,2560
0645,-0.026428287687087812,-0.017383339961306164,2560
0646,0.02202810465803128,0.02625075325904516,2560
0647,-0.02599268412197055,-0.031976243602332415,2560
0648,-0.009327516114593527,-0.013197972961288187,2560
0649,-0.006070362676833575,-0.00027456205489322745,2560
0650,0.03246328332857447,0.021797152479965266,2560
0651,0.006460111570240444,0.0031249423404716733,2560
0652,-0.0205006461874569,-0.010915845683771965,2560
0653,-0.01719134128747966,-0.018292055742455755,2560
0654,-0.020113424840353958,-0.014380989838761911,2560
0655,0.005226227821998571,-0.012092890736391105,2560
0656,0.004585127159209844,-0.010607170245103326,2560
0657,0.006869951677609701,0.013792428758508493,2560
0658,0.007867435852176759,0.008357531239892605,2560
0659,0.01594380463351338,0.008984198976785252,2560
0660,0.010179215800553426,0.01223357956489449,2560
0661,-0.013072317392557046,-0.006513610989362045,2560
0662,0.016882228832573877,0.004592647479274822,2560
0663,-0.008379174037851395,-0.006357729403580954,2560
0664,0.005281066763150196,0.014571140277467866,2560
0665,0.021295452880744182,0.025709697460736224,2560
0666,-0.016810103350160668,-0.031958851967218795,2560
0667,0.022639400327464018,0.01646250953893329,2560
0668,-0.005060434302024487,-0.007029566287727201,2560
0669,-0.011016972058318359,-0.012819218050171053,2560
0670,0.009325937143359976,-0.022850724726360495,2560
0671,-0.02710729070110873,-0.020406159241885147,2560
0672,-0.024690804534687204,-0.026104213708836792,2560
0673,0.02002173191174361,0.030503446993721445,2560
0674,0.0019172078716215234,0.0019329756567258783,2560
0675,0.00604059345705248,0.001603074617299963,2560
0676,0.04763227438470609,0.04080982881242524,2560
0677,-0.006902540320186225,-0.014591636246268124,2560
0678,0.01921553364326664,-0.011927565384184019,2560
0679,-0.030519072682767955,-0.018950046966836335,2560
0680,0.021389088763773084,0.0014955321897260712,2560
0681,0.010597093397958356,0.005781056921756537,2560
0682,0.004030914230241435,-0.01568086361822921,2560
0683,-0.00430913203578056,0.0043810784197635295,2560
0684,0.0004765301651955932,0.024395018621805042,2560
0685,0.022264263254731118,0.015872030078866495,2560
0686,0.01115605028061309,0.004636031117703754,2560
0687,0.0326756750872575,0.0333049929409773,2560
0688,-0.018918070782534605,-0.016469196823003775,2560
0689,0.011188214358087669,-0.0024917812508430228,2560
0690,0.017340508704863936,0.003280120489043812,2560
0691,0.002297734522182955,0.015773820026935358,2560
0692,0.02669756826081143,0.038403105536339674,2560
0693,-0.019434834991870202,-0.015118421735119488,2560
0694,0.022465628126854,0.01474261170441401,2560
0695,0.0015774884526838508,0.012682180398517155,2560
0696,-0.006937660215594045,-0.003187947325496769,2560
0697,0.013054330438655339,0.00560625682835823,2560
0698,0.0027433181720801394,-2.364914881760659e-05,2560
0699,-0.012252295079767873,-0.0012359878445243305,2560
0700,-0.00618506485248722,-0.0285940039025863,2560
0701,0.025772186813804308,0.01869608996674974,2560
0702,0.03237713740335515,0.02861560322375571,2560
0703,0.010547811083911503,0.002647323004227235,2560
0704,0.010608462521779279,0.026150841654994976,2560
0705,-0.01437896898277082,-0.02524825553532564,2560
0706,0.01411843759140757,-0.004316263223756055,2560
0707,0.02003700472430169,0.02195882611125616,2560
0708,-0.01721904650908661,-0.019114464112875727,2560
0709,0.038603563053199494,0.048060308189300294,2560
0710,-0.0012959975272874421,-0.023987391141916954,2560
0711,0.0005790074938863471,-0.009802562146166887,2560
0712,0.010572709896575798,-0.0036476643984452986,2560
0713,0.02217885023508122,0.024776294373595548,2560
0714,0.016031816654879336,0.017070680386419915,2560
0715,0.016674175205230898,0.01249571149602941,2560
0716,0.014553896328937053,0.009181929157523349,2560
0717,0.012508263197011236,0.026803172742060875,2560
0718,-0.014899273203100477,0.008255143881325065,2560
0719,0.0010243578056521015,0.02157332356353306,2560
0720,-0.008738155550047724,0.005006386376887238,2560
0721,0.002960750845867981,0.009202830456035059,2560
0722,0.013362827216687339,-0.009266959952885605,2560
0723,-0.03791586668538273,-0.02844311769490051,2560
0724,-0.02368278614077178,-0.016781108260202994,2560
0725,-0.02484548746419486,-0.02050196822276881,2560
0726,0.024616828493161554,0.01025141461929008,2560
0727,0.021648678623042518,0.0164936916596155,2560
0728,-0.006942169273239599,0.013434192020044661,2560
0729,-0.010464344295860581,-0.014639816948256248,2560
0730,0.0407758599500716,0.047395559596698784,2560
0731,0.013992212014219654,0.0028238516207035325,2560
0732,0.002937626738395409,0.0038188129619121337,2560
0733,0.008649425291299938,0.0009270106164993228,2560
0734,0.009528132322455222,0.0036580480256237116,2560
0735,-0.017688463227931654,-0.017619224193302713,2560
0736,-0.008514332013154945,0.0027014529909277015,2560
0737,-0.023040118750133863,-0.008486222530163188,2560
0738,0.01371119572809554,0.035734920204015475,2560
0739,-5.038778832660304e-05,0.0014828161993997633,2560
0740,-0.002392880356726477,0.0015161959374643047,2560
0741,0.02539898671221988,0.02142464435676288,2560
0742,-0.008617643787320623,-0.010202735619657899,2560
0743,-0.0007273826022674355,0.009900196188500346,2560
0744,-0.006225444798293673,-0.006854956106587457,2560
0745,0.02306620929227591,0.018319513275369643,2560
0746,0.026676972970357763,0.007631290343093958,2560
0747,0.0033007862732656874,-0.004399169794098713,2560
0748,-0.03136100750836343,-0.02719653716536519,2560
0749,0.009236249187741592,0.0269606807958412,2560
0750,0.010590350641852883,0.0015779974465608918,2560
0751,0.021588683549931903,0.01881783023395998,2560
0752,-0.02178352307071097,-0.007836961646528327,2560
0753,-0.030339726573696633,-0.042596299328216375,2560
0754,0.009492966788048984,-0.00011984178902430071,2560
0755,9.72117114462548e-05,0.013976049588057494,2560
0756,-0.0067340168379294955,-0.011534883171150858,2560
0757,-0.022740018689240603,-0.025499242070841387,2560
0758,-0.0005621065864832019,-0.0033661859754582414,2560
0759,0.002908669519504752,0.0015451349682388093,2560
0760,-0.038271784925269614,-0.03588273434268127,2560
0761,0.009396897075390546,0.011426495572989564,2560
0762,-0.006249405944874849,0.007014023549692707,2560
0763,-0.0007642838742832651,-0.009612605868915032,2560
0764,-0.015301178724499745,-0.0012321543726033445,2560
0765,0.004466760883834857,0.016985353196049022,2560
0766,0.010339741450372154,0.007646878859575584,2560
0767,-0.0326598214605319,-0.031295118127015825,2560
0768,-0.02974150204839455,-0.013089371288746975,2560
0769,0.02137956739880353,0.02205899030648114,2560
0770,0.005683981805695113,0.01430507059938616,2560
0771,0.03973551347767906,0.04413623739844427,2560
0772,0.03663845782088723,0.0201341368740823,2560
0773,-0.032342750635195636,-0.039465346709955475,2560
0774,0.01902104251888651,0.027820082673903238,2560
0775,0.01125771646629311,0.01196324123597911,2560
0776,-0.0035232143934639066,0.01638916725679751,2560
0777,0.001418094286424856,-0.005279021839171357,2560
0778,-0.0016664112313308315,-0.007054800132877743,2560
0779,-0.0048888277203691915,-0.005710538001054963,2560
0780,-0.003982926973981629,0.006078618960285305,2560
0781,-0.019328862917078363,-0.01240052227985753,2560
0782,0.038916387571728564,0.027096118658538858,2560
0783,0.004133118781376974,0.014211871741841435,2560
0784,0.033145169352727384,0.03137086406441013,2560
0785,-0.03224812577532672,-0.014551144850699414,2560
0786,-0.01174162149657222,-0.004829803622421082,2560
0787,-0.008023170948476042,-0.01690164681432833,2560
0788,-0.011687579119275326,-0.0033809177550697916,2560
0789,-0.024629061304344897,-0.005559179426465693,2560
0790,-0.025045685059369955,-0.009401876870406615,2560
0791,-0.007046444613220884,-0.03148847455794485,2560
0792,0.005198937731492539,-0.013361150626414216,2560
0793,0.015630747460433157,0.019135497867513163,2560
0794,0.029534772030236654,0.029700435003503618,2560
0795,-0.020525497148565077,-0.015217072151354412,2560
0796,-0.023450649338974738,-0.016470047998153742,2560
0797,0.0013141986140997911,0.010327874932118081,2560
0798,0.002722423371284877,0.009010711132264126,2560
0799,-0.029301770375208414,-0.013426193188745621,2560
0800,-0.04216265180656785,-0.048909466487954405,2560
0801,0.0006156507548235053,0.005617518974024015,2560
0802,-0.05103605939963854,-0.033031732056659796,2560
0803,0.016660769416142147,0.020160871448721827,2560
0804,-0.016830589237841084,0.003047335342556193,2560
0805,0.012654111234141759,0.02153558598407669,2560
0806,-0.0067948791633229005,-0.018417743701278643,2560
0807,0.012591560076419206,0.021919017911345498,2560
0808,0.020939544612538517,0.007444987188274277,2560
0809,-0.013214347676573134,-0.010481610345354605,2560
0810,-0.01229699476428799,-0.020371893571701587,2560
0811,-0.013833999929634364,-0.00439781268706126,2560
0812,-0.014870339292443293,-0.003269547073776948,2560
0813,0.0075348955807356425,0.004214087406958589,2560
0814,0.011767907902130679,0.02068342435726564,2560
0815,-0.0001364000824872596,0.0016154485252477385,2560
0816,-0.005234516429889373,-0.016409918258469384,2560
0817,-0.032613452770591835,-0.027865591274592972,2560
0818,0.003477725487061,0.006355928969277935,2560
0819,-0.02058040956751119,-0.034344798837567324,2560
0820,0.01832687882740407,0.013402298121136061,2560
0821,0.013486569196043827,0.024751566325076697,2560
0822,-0.015169261238078368,-0.010812589785803968,2560
0823,-0.027096201674860976,-0.004488387372511845,2560
0824,-0.012214650044869614,-0.013270845177417003,2560
0825,0.0014495754124826872,0.0030389762769198444,2560
0826,-0.010279193749118802,-0.01739070442998657,2560
0827,-0.019233044447389998,-0.022130000343543534,2560
0828,0.016881214430915267,0.0023027404279217,2560
0829,0.00033382465682175327,-0.004738543069586835,2560
0830,-0.015614081318271711,-0.01092967686803079,2560
0831,-0.009523648403963617,0.012501889607096304,2560
0832,-0.018092851804920214,-0.021663020437893473,2560
0833,0.0019684651065784327,0.0025215961226338272,2560
0834,-0.029212721815266154,-0.013256685431319056,2560
0835,0.0013540550045685973,-0.004966247964807033,2560
0836,-0.023329200267453717,-0.0028595064543044672,2560
0837,0.011237280528975121,0.00590947564571688,2560
0838,-0.003769017553174418,-0.02307807784996867,2560
0839,0.009317514406018718,0.01751221441940076,2560
0840,-0.0147059625098116,-0.006276515276603711,2560
0841,-0.023637089992084942,-0.03005301750403737,2560
0842,-0.010022570432238568,-0.006017457084252105,2560
0843,0.02258334220037295,0.014407878596289236,2560
0844,0.005380525805911972,0.01226790895905941,2560
0845,0.012457232667268149,0.014860209876805365,2560
0846,-0.02789844632582766,-0.031408707300196674,2560
0847,0.0051120466945579245,0.014158730417186786,2560
0848,0.004469254227918049,-0.010337359090373189,2560
0849,-0.013671063921511715,-0.024768320057371902,2560
0850,-0.0376247581957384,-0.025555977074924574,2560
0851,0.028730603745074315,0.011074572976481345,2560
0852,-0.01683692999701109,-0.02211194827511415,2560
0853,0.002047712408863807,-0.003944894902475365,2560
0854,-0.0007483244342884449,0.004726951762128281,2560
0855,0.00830526604946017,-0.008950400137320843,2560
0856,-0.02319186122023957,-0.02171530854827872,2560
0857,0.030314663434990195,0.02799933909972657,2560
0858,0.018800081450951186,0.004910341372549639,2560
0859,-0.010033967628759029,-0.00015690356167154037,2560
0860,0.005943003347313841,0.0023980176354616647,2560
0861,0.00526248958877994,0.0019057962181390283,2560
0862,0.022440394919931946,0.004886252743808832,2560
0863,0.0011660524627707936,-0.01668938507685819,2560
0864,-0.0015101786340716403,0.007830505307491062,2560
0865,-0.012526648432024405,0.004323066109241412,2560
0866,-0.004120743632964954,-0.004083271429949574,2560
0867,0.0288261054058853,0.03121480031924372,2560
0868,-0.010679816052690179,-0.01391920130551867,2560
0869,0.029252370914753155,0.014164855256186127,2560
0870,0.0013595181388979128,0.015289820166442977,2560
0871,0.040542815104685166,0.016857694073105733,2560
0872,-0.02275212747186643,-0.015808680867301583,2560
0873,-0.012577968221378901,-0.0031701415125274133,2560
0874,-0.005982328772083445,-0.029438514696129993,2560
0875,-0.0239384084931451,-0.026879772053397,2560
0876,-0.002036037935769075,-0.0065704072674088706,2560
0877,-0.01347603806362562,-0.027423451350955776,2560
0878,0.046230372220645057,0.03943782222367563,2560
0879,-0.011210278321974944,-0.01544866971569853,2560
0880,0.02532757046782894,0.029573501900757426,2560
0881,-0.013345742334815993,-0.012005779514658439,2560
0882,0.01294604126973081,-0.0017099188192688816,2560
0883,0.014343685214608068,0.029742754681163046,2560
0884,0.0369948664758393,0.02958424188339131,2560
0885,0.005884538919201597,0.006463649092177237,2560
0886,0.006772217364847406,-6.627007569636397e-05,2560
0887,-0.01762221782581227,-0.014136206327971367,2560
0888,0.021377360128944506,-0.003456084972698049,2560
0889,0.012974911793454091,0.025053315874757707,2560
0890,0.03218580882794186,0.029314149652013257,2560
0891,0.019198803809042594,0.027099549240404256,2560
0892,-0.006647384824185278,-0.011296334602147703,2560
0893,-0.01641685101719733,-0.02092363985131247,2560
0894,-0.019970498798175078,-0.005606600499145074,2560
0895,-0.0127126862277846,-0.022502957327650643,2560
0896,0.016211022660146658,0.020674464381315327,2560
0897,-0.007752657930141017,-0.0001610847265073845,2560
0898,0.013818787537073303,0.012274087302558306,2560
0899,-0.0008233759057865629,0.0008868894912381916,2560
0900,-0.005145205126792488,-0.004125401471545328,2560
0901,0.02230627067158829,0.019248750803856594,2560
0902,0.026340210916658044,0.023665594903242708,2560
0903,-0.016950031051211262,-0.03553429212045422,2560
0904,-0.008580253712248848,-0.00846936784169971,2560
0905,0.032270651352669856,0.014372950098238513,2560
0906,0.0052448548492280735,-7.796289939382394e-05,2560
0907,-0.01881607198852406,-0.02727692012572108,2560
0908,0.003657339739181467,0.022388270775629607,2560
0909,0.0010211701846822617,-0.026137534850531875,2560
0910,-0.016910937077049625,-0.024031263511890527,2560
0911,-0.03892438123296454,-0.021424957531880093,2560
0912,0.01962945695165851,0.034537956566071795,2560
0913,-0.009948201098211732,-0.016691186385482795,2560
0914,0.010596585704622097,0.0030857929722795364,2560
0915,0.011039020508382,-0.005424998581295293,2560
0916,-0.0006586301063643302,0.000625103185717051,2560
0917,-0.015543385992610794,-0.0003531289455256816,2560
0918,-0.033329962491186395,-0.03261468781226773,2560
0919,-0.0014450603917523263,0.008249237037680062,2560
0920,0.007808952809241681,-0.002201512747576712,2560
0921,-0.006523510322931922,-0.02326857896843573,2560
0922,-0.028633114417508203,-0.018377946749701897,2560
0923,-0.0020596378365926723,-0.023099234218639304,2560
0924,-0.057174743745757865,-0.0528301949038415,2560
0925,-0.0011437526353686675,0.004059253463259506,2560
0926,-0.008697469209994884,-0.0030288342724288744,2560
0927,0.014729139910759194,-0.003581137989363166,2560
0928,-0.008486032569624333,-0.014072444871674873,2560
0929,-0.022570433317473965,-0.032234217529064225,2560
0930,0.0598654650603179,0.0426837238280225,2560
0931,-0.013487019484955606,0.00043978467288383787,2560
0932,0.0033337325388124077,0.010363429920339343,2560
0933,-0.00019950975118410865,-0.0044345871175861945,2560
0934,0.0036788207732806667,0.003421319364220945,2560
0935,0.012769751207868276,0.013620529964860809,2560
0936,0.015885981738794297,0.021870606884434776,2560
0937,-0.031241714300763952,-0.021434722302060297,2560
0938,0.04002995100918496,0.025702679168580923,2560
0939,0.02773470301458285,0.0341567216330048,2560
0940,0.007535701390672951,0.009872762751407953,2560
0941,-0.027057899070550444,-0.02184411322458399,2560
0942,0.003086358189244579,-0.007490762551092038,2560
0943,-0.0329907431108968,-0.009948735425270257,2560
0944,0.0055567873808043955,0.002020548830388296,2560
0945,0.020483703629291673,0.01977273722263615,2560
0946,0.021882542148895144,0.014422012174058812,2560
0947,0.007324035974921032,0.009440834908370725,2560
0948,-0.019412614810284116,-0.024527786098451944,2560
0949,-0.012665914040928223,-0.00032169245544662334,2560
0950,-0.005588188879867678,-0.0017589157742357614,2560
0951,-0.03186669079543527,-0.021397469200635354,2560
0952,-0.004084180629469463,-0.006023562685590991,2560
0953,-0.03441403946814066,-0.01215295057757515,2560
0954,0.0174842401465457,0.018986335702779317,2560
0955,0.004671070697754072,0.007758654756173511,2560
0956,-0.03910558907102798,-0.026276093383229636,2560
0957,0.014169385394843692,0.013877048022836251,2560
0958,-0.02130739939635922,-0.006559553101781867,2560
0959,-0.014362724427539863,-0.007398843141551357,2560
0960,0.011287627148329506,0.0076456190581603665,2560
0961,0.011858471241667005,0.016658212344352483,2560
0962,-0.007899655645419364,-0.0043675386314805465,2560
0963,-0.019744897007721144,-0.013415014883401629,2560
0964,0.02265047080057576,0.017632818904745856,2560
0965,-0.0009100994565973426,-0.01921063606336397,2560
0966,-0.029511553048814063,-0.022418635577732885,2560
