era,zero_pred,filter_off_s0,filter_on_s0,c4_random_s0,filter_off_s1,filter_on_s1,c4_random_s1,filter_off_s2,filter_on_s2,c4_random_s2
0971,-0.002451582519248472,-0.0027059918080541215,-0.021510155595068286,-0.027561061081660676,-0.0011426618943247405,0.009755068713600013,-0.003998652745511245,0.020475958474033027,0.005200725865519566,0.020114308238684188
0972,-0.010961311545608221,0.005258315007709431,-0.0016970182373192493,0.0074979807774626095,0.0011825354300913082,0.034861697795605655,-0.005441488119133301,0.031808930529243606,-0.003354102571370585,0.003947172830369236
0973,0.0013417516065275233,-0.011248997673731949,0.008952252249742982,-0.008902343737108458,-0.015668421857024058,0.0012365885084406295,-0.018154092208130957,0.006662902580189208,-0.01758079216965537,-0.004905898288496566
0974,-0.03692532947707726,-0.006812065519699521,-0.0013021474318474747,-0.023332213175377196,-0.010727428319533027,-0.025793201914636476,-0.004904195897108306,0.0005313436234198927,0.014835343891621037,0.013644030358743356
0975,-0.004832660343773934,0.0060464240552783955,0.053462946279821365,-0.011154467767519482,0.00828080264841066,-0.005291294887547299,-0.0011471641282054493,0.029560484466214385,0.02435389963570524,0.007886529505629958
0976,0.0041897772852091154,0.01961031622662512,0.015172822113772971,-0.010152039170701462,0.031923330853072834,-0.013011722468565629,-0.007832649860035857,0.04247441474107905,0.007145722041684194,0.017139936904750668
0977,0.008616303270657225,-0.0036051726170092074,-0.002690833881140862,0.005466983756763147,0.013859951602763891,0.007806752782478716,-0.01878973934280017,0.012533539189133712,0.008330454664834277,-0.015836198465918043
0978,0.030843158378365886,-0.011725329294726335,0.006840375506282335,-0.0011056180993863302,0.012198780299342344,0.0025715564065296507,-0.03413720896670914,0.04104640203962762,0.0010199367792324498,0.005354924177231768
0979,-0.008685533194015138,-0.040994955620502774,0.000389982018958213,0.005374140152494259,-0.017091893791203447,0.011000461495784288,-0.03105413274224446,0.02989804171861076,0.040243162963790796,0.005704813406886171
0980,0.014771424737039556,-0.02702318902693738,-0.022447810687890996,0.01639163674394363,-0.008613977823899232,0.0014209208673735287,-0.0061458401973525575,0.031391396301832776,0.011185757657021168,0.003103937436488414
0981,0.007994220539171138,-0.01566791280997683,-0.030477344023009497,-0.018223550563882453,0.019145723324970255,-0.01735157623182725,0.006112733973866433,0.0023548173841631843,0.0071006166523885595,0.008242313190553505
0982,0.016797622426567817,-0.0043752902567777315,-0.025795556192570353,-0.038033400293081165,0.0307686652251968,0.006514362939244449,0.001741794033990175,0.013034424533043112,-0.01722997213284222,0.008980288803461746
0983,-0.013244689333901964,0.03236040509108239,-0.0015738759624752874,0.0003776980083038166,0.04360169201439477,0.018924861738322103,0.019502080291065347,0.00418699755805479,-0.006501428673383541,-0.0008289283196375115
0984,-0.008063413250391296,0.011964992357039456,-0.001420420211139255,-0.012253403080752229,0.02492470501409544,-0.03389773309542374,0.01869007792971667,0.03984543522595934,0.025054349851606737,-0.013927158673367575
0985,0.007442146132931644,0.02191107715444918,0.005174937600908978,-0.026128843109453858,0.030729623023488504,-0.02056756284402709,0.0010459522627019266,0.01726348110595887,0.020444080261395246,-0.007465488859344799
0986,-0.028728886954277333,0.03125216735243246,-0.024899179294730324,0.015730238028857126,0.028456738046464664,-0.026449944517408716,-0.011743579383337276,0.0315805555433409,0.02478157512493364,0.03259571360738248
0987,-0.007807374649021647,0.044350794465678085,0.021152042598604676,0.01709750195930704,0.03912643934208897,-0.010979758714524744,-0.028136413928581547,0.046597995297264126,0.00527434270525508,0.0003786476811628151
0988,0.014611095856229973,0.03917850543950703,0.013406185944405182,0.0018237741963534147,0.002384508894499963,0.020834286936328817,0.023133863980066945,0.02077145631786109,0.016121713246435826,-0.007905145716233655
0989,0.006647735811050316,0.05902613951485106,0.028384913253024443,-0.02280981477973477,0.04419498759546898,0.007199767991567188,0.05144276275693652,0.009867130887781317,-0.0059463817642135975,-0.05118310213015961
0990,0.03639737775449533,0.0034142600154655352,0.03355903309512186,-0.033193305678690735,0.003885884243896126,0.04131596945982375,0.030874309582912852,-0.015179192917967647,-0.007034943489979413,-0.015885289131762213
0991,-0.03159008478047507,0.015395022736555429,0.03650974603835351,0.003870703802717627,0.03821966628906117,0.019075577901095254,0.022733494790996563,-0.002976948526683837,-0.008869182714346283,-0.025464426811355363
0992,-0.022186351353680845,0.020959340621375323,0.023939737536664608,-0.007559651452892936,0.06900349157837905,0.014898267840119642,0.007334604843325834,0.034287869646976644,0.0008214056739465588,0.018312316664180647
0993,0.01894353757027376,0.019916193173684475,0.009695178340002043,0.011206754088800607,0.00858563480980969,0.0232078885342096,0.0010470368402325024,0.0018823629357701429,0.0013914757492835468,-0.007225072332975245
0994,0.02940604392436243,0.02598124862634822,0.025370956691077088,0.010674873225282653,0.008346906796232777,0.000326504429373635,-0.0015995148053598676,0.021053046979752237,0.002698248313292439,-0.010597060248765193
0995,-0.02086031478912195,0.05134021844229557,0.03281027237076701,0.006446519349400376,0.016073092483001598,-0.017228205077092974,0.04787907855647595,-0.0024997566281441054,-0.012858752740300496,-0.01889976150558199
0996,-0.030425190300054257,0.0038533810618233038,-0.019250425425043727,-0.001895454438917235,-0.01788524489194134,-0.05266837606124474,0.029133881159771634,-0.013798458460800396,0.011290861980327882,-0.018893738032062134
0997,0.020734456970915,0.014877671157073221,0.02016742918977174,0.015229199955085848,-0.0036482896261858994,-0.0027841563435012898,0.017238597211816475,-0.005063638370689059,0.0021407136843931782,0.009214457664382761
0998,-0.0143239323903103,0.027269257813209612,0.02600869359683561,-0.004868320174144493,0.008665150709360251,-0.00694292806995046,-0.019279604269434463,0.018439290672607495,-0.0037207631286229606,-0.021120908998094323
0999,0.006547332209856398,0.011364952406190664,-0.013958802404195713,-0.011903448726280534,0.037787375935678325,-0.013097017178487606,-0.030908674424836646,0.023143647214035497,-0.01164373893343988,0.019981598662820607
1000,0.0274473169589776,0.03225552289993893,0.016321223444124604,0.0233347972720678,0.02663638735655093,-0.0031424450942375277,-0.015744975163713117,0.019618515441560645,-0.00425812002986679,-0.020768433534771657
1001,-0.026842064277187657,-0.008810955481710358,-0.022143633806742422,-0.027661752874136393,0.029064567278772782,-0.007045144789844806,-0.0013128010832709157,-0.013994807106198442,-0.046776055834406104,0.01319872532078127
1002,0.020351935378456216,-0.003581667599523879,-0.044238002454284754,-0.014228371614384805,0.010535751973424086,-0.003004576742127203,0.008768823824651995,-0.018795015236844105,-0.016952763803115153,0.001635033105882723
1003,-0.021334064961953524,-0.01853884858060785,0.004937740068371953,0.00995723790486802,-0.012481673483955232,0.003370206346652343,-0.02884941148240127,0.006239909752218627,4.475951112337416e-05,-0.020372161472933862
1004,0.0005924577586927101,-0.011251537303796896,0.000814760934778338,0.012782713090883989,-0.010700868587946446,0.0068585080459674565,0.007422686899591065,0.028719331785002918,0.044794455588666654,0.025487856154671692
1005,-0.004630292197684911,-0.010870174220236404,-0.006564090431213109,0.006202089162802858,-0.02274121582561573,-0.01233779803108923,0.00872804815446478,-0.017651354862712916,-0.011384774605719966,-0.015418428625100695
1006,-0.03110885730350559,0.0466661565464937,0.008858375018506745,-0.007158768300605984,0.026233131194810452,-0.026443090197861854,0.024028455815864415,0.029339882494872325,0.007828129097809158,-0.02385791851943423
1007,-0.001300115924937012,0.00314680329707571,-0.006785629177431645,-0.016346266439192746,0.02410570688320402,-0.013674347232048207,0.02301389740741382,0.02727216153542399,0.035417879244946035,-0.0206664986813588
1008,-0.0020524993325776123,0.03566470304653469,-0.006498209350463537,-0.010374310570925969,0.06662521205828786,-0.001148451686875099,0.019060734846686998,0.026223643433775604,0.002730763036995699,-0.0407218615640549
1009,-0.02887814028945474,0.005196600614470627,0.016592487699383453,-0.022296148302177375,0.017355943944586463,-0.010315501095601656,0.025001525666020697,-0.010861545116089385,0.0146978878494257,-0.004155014236022683
1010,-0.010391403881295926,0.00018562146659014162,-0.03255078319631709,0.007629991020706581,-0.001475283871773535,9.279208934809444e-05,0.02101971600840506,0.002528631918538029,0.005494847759831706,0.019661748396149224
1011,0.001047370466528343,0.010637540544057293,-0.02149413396009516,0.010708772609357632,0.010449513512064398,-0.015073874964216862,-0.010129227163780891,0.039437470503942695,0.011361295171346823,0.021825139852779462
1012,0.03144698030933789,0.038774179429159464,0.01492338543341136,0.013487529728687133,0.03826800064399409,-0.018558448001453644,0.02101520478596242,0.018080703450508946,0.0018060568724435975,0.025670713529146048
1013,0.00033858642044352487,0.012441973060801055,0.00024939557839588026,-0.010180902464632257,0.015718120584831352,0.0075914196099386416,-0.006812576386710879,-0.009063540592231037,-0.013091001571408852,0.020082662384077927
1014,0.019246396130066103,-0.03025293935400278,-0.049560929176583,-0.042449251437567496,0.0015060993414492112,0.000878656527412251,0.023956537264388605,-0.0035992048796677566,0.010482899129994698,0.026237850030021142
1015,0.001435525437755942,0.0216036981930454,-0.010168524568869602,0.014458710804662302,-0.01020737912932225,-0.012335357715369233,-0.002593558679093849,0.02034224497026219,0.030858532840551758,0.045070282829129955
1016,-0.011047723940466644,0.03335740854784001,0.004425058467866304,-0.03207528067858059,0.035006828076804025,0.0064112051191318594,0.04186470197358123,0.010000310093623605,0.011172749133830253,0.03742695090564802
1017,0.004627870232039845,0.03883415692396376,-0.0007075423357849078,-0.0010197601113702826,0.03205926435343113,0.011456113014540558,-0.01626275394714863,0.020896329997352598,-0.026807327897612886,-0.0016280817730571972
1018,0.0007272681270894936,0.010127290060326252,0.00816791380285739,0.0025405480553498394,0.029202932867983075,0.0010376112380907421,0.0027120010152973544,0.0392198928834938,0.018695574176993607,0.022107436278904356
1019,-0.030426925402136637,0.029709783326284545,0.03557636447278127,0.006585056865007524,0.01797373334312722,0.0035610563571449455,-0.03434167430993493,0.04881358877181912,0.02947342658238647,0.03466622392643305
1020,-0.010754244506001636,0.013749972600258235,0.010947953237593129,0.021810011687229205,-0.026306665399844057,0.01856642189576759,-0.03825170893474283,0.01763667466614638,-4.394333465957623e-05,0.02110779107849774
1021,-0.01394937563322912,0.025132606572847577,0.00899160458201855,0.025691945997563255,0.02302991447760514,0.014249328203559224,-0.04452070678142976,0.07976422474720242,0.004974427968916834,-0.0019373440145291825
1022,-0.011523982959343652,-0.014636771068170401,0.018989015953106782,0.022053282684559222,-0.028510271596735474,0.004970181386497252,-0.0013755143289742604,-0.007570695041908951,-0.024829702108633743,0.03255696962979718
1023,0.01884888080649679,0.027605620982711417,0.027556679932034152,0.002614270072976277,-0.005689039410959267,-0.020283971592481815,-0.00046907283185127695,0.002391479632668224,-0.04234367536559574,0.0003519552776189533
1024,0.00293765437092709,-0.008937520304543327,0.0030991430210501217,0.019438986242050215,-0.016352407203423392,0.0005845908539768312,-0.013024763535280736,-0.019895729437881426,-0.023260923156724997,0.02282290570594934
1025,-0.006553041679468246,0.010953292157128204,0.0019997315420934693,0.0038584717127909765,-0.008124639473411079,0.007332403419070954,0.011287318534031076,-0.006532843117508023,-0.0017484214048854002,-0.010070456460887034
1026,-0.008785828733787344,0.03562804649043716,0.042455637474066804,0.00305856696167898,0.0067990448673963776,0.027424738209495467,-0.000741083743089975,-0.0182074387733656,-0.008502436926169444,-0.020864839307409965
1027,-0.008067897888607418,0.04628009621817855,0.03389137723541859,0.024136781020582927,0.012880798120704721,0.020743670413123513,-0.05176443710933233,0.011028797622285567,0.023003298038230296,0.036402438530982684
1028,-0.010965453036782728,-0.0006127229359036408,0.0008914362272892033,-0.009626597633690198,0.007295044607141143,0.04532348035148055,-0.03326720913788259,-0.00760651561232995,-0.010056873042898491,0.003125807636204315
1029,0.008849396567939354,-0.001895045169133517,0.0008444162913191799,0.007725436031711603,-0.0052643732508893286,-0.0016151382908919643,-0.00831367954487294,-0.007939110660141893,-0.007192249701670125,0.0009836454313122346
1030,0.03048811642595173,-0.02054866412344088,-0.007573242374967438,-0.007081566724167367,-0.01451573831653816,0.009285651523728396,0.020852837716367173,-0.030129972195633622,0.012024941989630684,0.02033928349720368
1031,0.02652804330325954,-0.03468646336818905,-0.01213163300866897,-0.03675816519536013,-0.031477504917999055,0.003068372919218391,-0.029983398489694463,-0.007930926573215914,0.030941594608589605,0.01402453197662577
1032,0.030549313950508455,0.0004902019533466165,0.009584714793823758,-0.01835556390243725,-0.04637979865596545,-0.004532404867907727,0.0031957269515553513,-0.01103497082785198,0.02389573321686222,-0.0035528770109972806
1033,-0.028621255714907423,-0.008168905265794058,0.017959045620495998,-0.0037494538654373618,-0.00769000358363415,0.007842768730693533,0.04483279280006874,-0.01736045091824175,-0.03188281374822017,-0.05390923250342124
1034,-0.0008085739270623796,-0.0013487002579121053,0.015515104312392716,-0.0061381390432404806,-0.010990570220425823,0.005205397851758438,0.04651072629296011,0.016397296266521425,0.037753714552729516,0.0014490940367147792
1035,0.03623204107546196,-0.011930457739109628,0.012848313536004935,-0.014824829084007592,0.00036746937115576957,0.007556810679499777,0.015723232389826345,-0.0036417349965542777,0.011284991518629347,-0.030164783799683768
1036,0.012213624558046176,-0.011306946100420675,0.009931253685552673,-0.02590599459863385,0.012314560444155935,0.02033011851658244,0.034227524111396374,-0.024401690079217896,0.01588742294311617,-0.028707083467859246
1037,-0.006774915138088157,-0.0041616594399414945,-0.007925023562909077,0.003914339301517288,-0.015383080658119703,0.02713000417783232,-0.005793204620401109,-0.008611742440974271,0.005623299907735351,0.0015692795011196467
1038,0.007716170663284869,-0.0028834283180359977,0.0061479734758504824,-0.00335799421847898,-0.021912480866061058,-4.9711899010095235e-05,-0.0252253179578513,0.007332890104022142,0.006793675075214879,-0.03650360040102081
1039,-0.013671558725719993,-0.016831160992131576,0.013071678706403744,-0.007865764227017647,-0.0145593305241164,0.008967895683806288,-0.009423508731284037,-0.05330889282407014,-0.030688113427921323,0.003168481271822419
1040,-0.02316922287110387,-0.0007698315619379402,0.008845124449245416,-0.008655286458602597,-0.010317475249123211,0.012847061537767997,-0.027381860147752263,-0.02255621692586997,0.004184966900138837,0.002259492465893562
1041,0.0287937082875827,0.02750249751984034,0.05073842220462094,0.030433410422022963,0.0027084532949632483,0.007096344257703657,-0.002561931753433433,-0.003279960178215831,-0.008598107425824859,-0.007883912765213672
1042,0.008411622288793687,-0.01777494261890449,-0.0058420259089490695,0.008272694449865503,-0.004924317206139307,-0.026792086214593478,0.027276245302377784,-0.034573049604492576,-0.012936182035734455,-0.03566493561865679
1043,-0.018602466574234214,0.014273794323661177,-0.013274722912345526,0.06548373178599359,0.02517855392920211,-0.005490388316465214,-0.024555118520527417,-0.025715460007614193,-0.01941351094052205,-0.06679298873324345
1044,0.03153970644582054,0.033612885602925524,0.0011714458263459367,0.0528607624800695,0.029682740342338223,-0.0018820540694201493,0.02705007148065691,-0.014728288845141957,-0.007722584056698027,-0.05166243126344697
1045,-0.017046542528954156,0.06520006384829617,0.013414778383665516,0.048957645748697494,0.051436790455610136,-0.0038911828502762457,0.012028486399022277,0.022136190026562082,-0.039085485782087856,-0.03274144689241398
1046,0.015146085546238497,0.030087066990385235,0.015939247023983902,-0.0007873530625854061,0.04097654236924841,-0.009958700629098417,0.03853751336741981,0.004441848809097273,0.0007463585350861649,-0.005205057625388182
1047,0.02186783355684996,-5.835352212645786e-05,-0.005526710577478422,0.0056592251862774764,0.014376586987391561,0.00036603109291976596,0.029475621019186184,0.001185967649854835,-0.015001747764898184,-0.013757005032102422
1048,0.015540888896025893,0.015340392790480165,-0.015033777766089149,0.04026981166705137,0.006274176638599092,-0.005402137141546626,-0.015163403638304694,0.007564031593333942,-0.018086626485779553,0.01219819633891258
1049,0.0034950454516281797,0.007933060854251205,-0.0309489041944561,0.0019372362366680332,0.0011606606884054533,-0.03758819962793372,-0.01622143811189128,0.028504871762513043,0.015288172831203078,0.022560941543788484
1050,0.02181465884936539,-0.03068102123383389,-0.045244192563952554,-0.003261441942012189,-0.011505134957238863,-0.024529469385786925,-0.040317025811656554,0.05515899906883631,0.024779834958350778,0.02562864670437923
1051,0.045214036964157385,0.016101054691714536,-0.011427464991909487,-0.021466949014934112,0.021250854392985522,-0.01281075100125399,0.00010657883067317632,0.014154076863118278,0.008768182739437835,0.005348492261123605
1052,-0.008002965064458026,0.016422884453396853,-0.0044070290826636015,-0.017796714562143615,0.020517645693003673,-0.028255786040992742,0.02075341547909284,0.012419439370051747,0.005069763880660846,0.016976101459808223
1053,-0.015645310077728434,0.004263435476952855,-0.008524278224616584,-0.04259822395767609,-0.015407961204094055,0.020586455847578886,-0.008765359194805868,0.00952206976492202,0.014313026642047826,0.016760029484455898
1054,0.020672998489265224,-0.026871672836859244,-0.040882604610623804,-0.02238987735661126,-0.013380913396421437,-0.018181170320962458,-0.012378340695239593,-0.01787808691288482,0.0007362066121769573,-0.0023551348568257684
1055,0.00468367232300866,-0.017653483687922075,-0.005499035624740183,-0.0068071982741738715,0.010974516615870716,-0.018510126778549213,-0.004002627592147692,-0.003345492382913175,-0.014730225289118883,-0.0027242081766860357
1056,-0.019093646833295806,-0.030579163272396927,-0.013764858637921316,-0.003850409016948987,-0.009422862520399079,-0.015599389146793728,0.009024443462312678,-0.008280792301063853,0.0019829066707653946,-0.0014450546598740223
1057,-0.021610898812415128,-0.01772025672910103,-0.018820063114973324,-0.028835906646133797,-0.03114445156965002,0.001850100973384174,0.021153352342821313,-0.04350912659925319,-0.02413199515401942,-0.03481142369142032
1058,0.010780555609127936,-0.02322445125474438,-0.0047636739160697794,-0.010824367100065346,-0.01320896109928524,0.00852804162264008,-0.020595589037517653,-0.024758483166758664,0.01943993221276465,-0.019838504909846615
1059,-0.010256858958502674,-0.001419904970325096,-0.005588427207767519,0.014610729317876013,-0.00423303488269155,0.018292995069484792,-0.0024609817261222297,-0.00960247882784398,0.022490633186315882,-0.00931815445648898
1060,0.015043995740863873,0.005087728493407569,0.007625895849275615,0.029550332422106897,-0.0011638046262111522,-0.035240142886766204,0.02371726333515931,-0.05030645343651844,-0.0022157375586509985,0.0017994823159392973
1061,-0.010634337788877684,0.0053936457498553175,-0.021750087070941726,0.0007821999120350685,0.0019583436274687297,-0.019621825888393167,0.010264965199001587,-0.03215371347681058,-0.01441117760835109,-0.019980133213868368
1062,0.006819188896178045,0.02090438999478061,0.012620192436035406,0.01087498946466106,-0.00831792167579273,-0.024999758885778333,-0.005953453096550124,-0.008081054444516855,-0.0005884512330404499,-0.010326082219373625
1063,-0.03576267500730256,0.02688360248028675,-0.004497866805258966,0.011329784494553213,0.006786245139770626,-0.013123109693315566,-0.010982053239118014,0.003759299483574978,0.012012246570646687,-0.010739155064751989
1064,-0.023267095384907472,0.034760701450162794,0.018197085296644325,0.0030484637133045074,-0.004606748697017265,-0.023859082347392015,-0.025259315122101264,0.011478769443087938,0.01456263316319284,-0.01327813519118232
1065,0.012476799920556579,-0.009095637127900168,-0.00830186270489159,-0.019842752704965716,-0.01940238886019885,0.006188686581954852,-0.008007231042047626,0.013810098712711329,0.01835656518081198,-0.02198352672629336
1066,0.007705251528456693,0.021074290373022633,-0.01989505899976859,0.0310022880234621,0.05605154704925712,-0.005216511483083927,0.018140267027862134,0.042796257142735314,0.0370696953796641,-0.010825508765189337
1067,-0.01462419775253506,-0.01545247772019141,-0.02285512529736117,-0.010515039085630586,0.013104657880704258,-0.042319166992831586,-0.00439464832425776,0.03069056643937436,0.027215237301634197,-0.012238823669239215
1068,0.00405985694608632,0.01612054241671408,0.01959643505949572,0.026081479677648463,0.017357434248376238,-0.03858862964595126,0.04166515760569949,-0.01512596403632894,-0.011501658313898794,-0.010725903572298615
1069,-0.028593476272423674,0.000860375000346067,0.02071752185710856,-0.04413627261644805,0.03892366919043881,-0.0012102414431244385,0.0014622517166264048,0.0072351200823142295,0.033686066764108125,0.01239249241790179
1070,0.004984804925507923,-0.022832652124310363,-0.026079340292986027,-0.03232506423105882,-0.017352713294462908,0.015587898375843588,0.0194806645063782,0.004096061041120825,0.0009137176384586657,0.0058002545224935
1071,-0.002493494723615485,0.034885949545415115,0.025431344560545983,-0.003476965267570205,0.0001326533828215115,0.0029383596465268544,0.017306102060348043,0.008960719756869597,-0.00290154479890281,-0.0187191968603447
1072,-0.004740800203929904,0.0007786650371274345,-0.02068489950906225,-0.0010541925526588267,-0.025640559861729265,0.04820476404117164,-0.008824117427477646,-0.038532718562471306,-0.04095446561772083,0.034129907209468936
1073,0.04454131406061803,0.00979256477322495,-0.008879911949679364,0.0286844290135354,0.0168896135089847,-0.011142090072134762,0.008522551771934167,-0.0495022921965319,-0.020950919482007675,-0.014062367945933732
1074,-0.001611017071138059,0.006254084871961086,0.011732651248067789,0.0024050856791960127,0.01977453757413275,-0.012860216874997433,-0.0013383354941010725,0.011588277303291436,0.0036215101707229753,-0.009396687753478536
1075,0.038508054417313295,-0.0011263639034697352,-0.005310354415977085,-0.013492486404557138,0.01524137903527086,-0.01618752700409566,0.03839055417255209,-0.033524901095733944,-0.03828287539915961,0.002590968821558321
1076,0.017755959408118915,-0.007916905991412107,0.025764441048496033,-0.01438853435674044,0.009653182444018894,0.019520192989029562,-0.013858936327069471,-0.01303076696492878,-0.005460775406377655,0.010695567052215627
1077,0.002834111113834358,0.022340051250540064,0.01636915439571439,0.015154522649134026,0.010269297588527989,-0.029070364699013675,0.01669130820875565,-0.009954258388061809,-0.030907710510665157,-0.010822975285595716
1078,-0.005827679617398815,0.00676655002512893,0.03016795076899721,-0.012633042587303911,0.0007224211622121358,-0.016135799827050823,0.013108844648434074,0.016827984826324104,-0.010217100230376759,0.007870897040472832
1079,0.020950145084299533,0.026469203833182867,0.020496478762474735,0.00030102663308313846,0.010498439487964304,0.003978439107015787,0.013132905653557628,0.022501579652323835,0.014868246050116309,0.03952712414684941
1080,0.0026839617353684782,0.016211878432000865,0.0047892984072187075,-0.018657718715290157,0.008742400862533342,0.007122342899346688,0.04195802073488807,-0.009339691114000626,-0.0018874542971057107,-0.037158351251942605
1081,-0.0241569935212384,0.008736877383850952,0.00840084545671152,-0.008289605991948426,0.010876557347183888,0.001222282420169351,0.0013476398606885296,0.023539886729127723,0.001830529970322356,-0.004681168654193961
1082,-0.014844227641559229,-0.008073303245940702,0.012551401842044297,-0.0028975498866241284,-0.0108808718703838,0.010173635084277348,0.022375027577802676,-0.029806047570439385,-0.021115575309505915,-0.032350218122176866
1083,0.014369752812149004,-0.03789523167499203,-0.005955874532523626,-0.059005477043905755,-0.01183182737100729,-0.014376966728953004,0.02211035513317986,0.01640539372537788,-0.013988377128371586,0.014701942839337397
1084,0.031070295289462355,-0.030073726454368024,-0.01602422492704624,-0.03391294464313053,-0.019856883483454962,0.001822690266134771,0.007944187926316452,-0.02110195095261597,-0.027603042672926188,-0.013004121582081725
1085,0.0071351248411289404,0.0027332574712375223,0.014990781104214965,-0.02037649426526071,-0.025117021983487142,0.0017510291423173258,-0.006862118807875163,-0.0019010340165162857,-0.01569213470637145,-0.024065029944374535
1086,0.01090651292132539,0.006338375756346947,0.00680896274096599,-0.009933745884467639,-0.003746763108240876,-0.03551055169273197,-0.006923279509467159,-0.0049658411780096655,-0.016060495290283736,-0.021865434050167783
1087,-0.017348022233220056,0.0013089978628529504,0.015491432514064691,0.02007697604722453,0.010543271783212153,-0.0027910847861886755,0.004028906459482533,0.023782398472597496,0.03742877104454805,0.008982351994965122
1088,-0.017359948231738163,0.02363103345612789,-0.007408937599908653,0.005786535713618849,0.00635158811125756,0.0169175918184175,-0.0030174204701258933,0.01580720852496829,0.0038530597202688526,0.011097661054268626
1089,-0.020279862762580654,0.0035140484557415405,0.013892562783664485,0.02257700323486847,-0.012206580252180622,0.020817218594931814,-0.01736160037601353,0.011686069022525716,0.008777874840135293,-0.016246798052794685
1090,0.038391194984235315,0.03652196118918333,0.0156241429971679,0.011265149827726877,0.017358619170853063,-0.00526146533494011,0.014856205807887794,0.030756626652149312,-0.02003157213450982,-0.030856779802134447
1091,-0.009864676545080489,0.020885471526320285,0.002374715671062306,0.02935805012518269,0.01951954804754326,0.007370819954050249,-0.0057437990888920595,0.035737129081552535,0.010288606793415268,-0.01053828439104749
1092,0.005199279607338057,0.03814566872553608,0.011647936925817353,-0.016644522522820636,0.03343711011042416,0.0006499931614889254,0.03790686884786734,0.007133429220641191,-0.014321645901526993,-0.02570499249346489
1093,-0.0016920546675910876,0.027051973682401,0.022950574585095376,-0.005595618891930987,0.029867411821174316,0.00917490674824433,0.01580680657153885,-0.010418098389058916,-0.024898960812741233,-0.010244369027673358
1094,-0.048170567250816365,0.0003725238752885238,-0.03513293558820441,-0.015173163388676487,0.010985950149765994,-0.0025767721495797698,0.01367725827418549,-0.020580605419028557,-0.04088185037941446,-0.00868554008619705
1095,-0.017089564670374407,0.03761724341366841,-0.00034862109126270596,-0.014548912531041586,0.06245656822787408,0.008109646563053555,0.010930918375370165,0.013920439777877405,0.003579999555820127,-0.014366544278850084
1096,-0.023836652626076982,0.041489539324148436,0.009925284103041217,0.0107240661207325,0.05753363746632007,0.006447036874325708,0.023035611791982758,0.022761197481378483,-0.018444133273326304,0.01369767019256534
1097,0.008251461000380076,0.02560862664447584,0.008576256449856543,-0.034450976920288603,0.01517876970258502,-0.028399001205118075,0.0035827270532985734,0.004501774453957049,0.00739699319145884,0.016966126945112268
1098,-0.002017469378393789,0.03170899018578001,0.03957279984783733,0.006361213126368345,0.03632984590117539,-0.01718408491171987,0.01995612656489715,-0.02451747991016963,-0.010707718535033248,-0.02951557146330331
1099,-0.017263020317031502,0.0267850286582669,-0.01663260611874585,-0.03055206847775004,-0.008029633569699287,-0.00791617555148475,0.0070115259692670245,-0.01924893454235684,-0.03647345407880876,0.018539315594216264
1100,-0.016808960584105706,0.025361314855572123,0.028385724627857045,0.026714879623474342,-0.0013635586269815938,-0.009313272586279947,0.0033875188278057766,0.0322197561421368,0.016102351539648882,0.013607544034798589
1101,0.0017700605572283873,0.01905754987026571,-0.002632677915200839,0.005822763938624554,0.012935450883567309,-0.010650665582747486,0.013539189367280402,0.010983021538384893,0.007440495325023429,0.011488041365966846
1102,-0.011980731961059391,-0.01114338735186253,0.005908696872530905,-0.003781430730926426,-0.020742883405252877,-0.01759597602369959,0.021881431139215046,-0.011302961062649004,0.016921223407417002,0.0221234691010152
1103,0.05163826218188869,0.007596453967547328,0.003008720921111304,-0.018062738727200503,0.039413147734537815,-0.033027205794124714,0.007212751300670412,0.031788141705017994,0.016902869045637106,0.031824229091134165
1104,-0.02293439137379589,0.012589623139849638,0.016636778762293306,-0.013395095207739946,-0.005298024440968841,-0.033287062958381124,-0.019824323711418863,0.02779728673067651,0.03121940218872967,0.008612412439670135
1105,0.006508749413436627,0.0017022249479154458,0.00020155788070090586,-0.0358717342105518,0.002375774443972033,-0.05769947323636305,0.020912981689103757,0.03764907363679696,0.01548558841161413,-0.010041918626261696
1106,-0.019945798077984314,0.05559583063435795,0.033825758848838365,-0.011185253772144337,0.003015953875453606,0.0012126465619940944,0.029930293982022016,0.028731612623868055,0.007275079586867292,-0.0049574644849364165
1107,-0.020772379440016035,0.051132723593777685,0.02766376581193193,0.008916666525598497,0.04367880872185229,-0.01240663696252999,-0.006981721406338107,0.009470347345752337,-0.009240792326344711,-0.024025118044845847
1108,0.024044156690053883,0.04288236013602923,-0.0008809805110807376,0.010647787531098346,0.02461822598605202,-0.02410802501802663,0.008411176694655824,0.008703316750797238,-0.004690654582921211,0.003368531705044749
1109,0.0023690006331483294,0.0033867799358765008,0.0028779203364138035,0.006080836960387227,0.024534349176247635,-0.011212501953072532,0.047576368319108144,-0.010829055873155777,0.0052747513419320645,0.014984178551028939
1110,0.0009114201025059829,-0.0055132723237925904,-0.013927134419393448,-0.022745666208665694,0.03970536203110175,-0.00593564099509291,0.010321630266749494,0.011100976722780024,0.01620970599462111,0.0072663336625598965
1111,0.0032820758722159017,-0.003020175287372529,0.010441346291475667,0.027978654787576288,0.013843624653661138,-0.006279238828458403,0.04066032462029945,0.00010182438490990483,-0.0007683066553849235,0.02604039718946294
1112,-0.024451753206527378,-0.017527788724941856,-0.02168592988053899,-0.004392865273990436,0.003878325472543815,-0.03843653486172537,0.009553249246891774,0.0005659564953984505,0.029801604746588547,0.01575434186461035
1113,0.004322501414205398,0.010288411760702335,0.026387717393283133,-0.005488583533632677,-0.007709636268412273,-0.019004353288062017,0.00915893758003992,-0.004885923319730922,-0.005627187295523215,0.044009812468716346
1114,0.00457519593121329,0.004391527874717704,-0.006713249286990267,-0.020733767447998024,-0.0142648525644595,-0.02083502376151055,0.026987613340237106,0.013461698649461121,0.006488242153898239,0.03001366050378059
1115,0.007627542347010933,0.01456209841612288,0.011500052052962662,-0.00031510594284004284,-0.016641685024553054,0.005782508939839865,-0.02525945613198777,0.02310692671669529,0.019226264797382802,-0.006271510409470896
1116,0.005396347836026339,0.00646299314689843,0.01737115569816787,-0.002356733923254288,-0.0003587481214071824,0.0027915564917859706,0.01586897254044268,-0.02147849005900875,-0.002200673861879941,0.0038413428713817326
1117,-0.019340545545753006,0.03474481367566062,-0.016281233073838157,-0.003958423053663482,0.028809517440067513,0.02410550015783379,0.005003299979381599,0.012078452206680941,0.021871445673623462,0.02559639400819571
1118,-0.01737838772395958,0.017544215766036462,-0.0051461915115005195,0.0025708478799254613,0.013843876944581912,0.020615338544321314,0.027588696307928044,0.019424934172648223,0.025796513923753355,0.03616281214367762
1119,-0.03311618238190024,-0.019993046193415347,-0.011815881215525634,-0.006852214810239026,-0.004403404191568876,0.036482714962156534,0.019957389307813236,-0.001835372189023535,0.024513083554492693,0.04927201662042717
1120,0.004253206450188851,-0.013334030602659235,0.0014649833828699044,0.003118384554664989,-0.00422863109065449,-0.027958557830169338,0.008260962699763029,-0.01832671242477084,-0.020215384420911985,-0.02607759901696512
1121,0.00712853492465622,-0.028301305989480455,0.006948742452072818,-0.033030757338292985,-0.0050645086539869875,0.03257070245881232,0.007905132655712233,-0.0034143490821650145,0.0067865100204119256,0.003780872261967417
1122,0.009854842048201416,0.005583278647119924,0.004175612823758891,-0.012986773348913357,0.022459182936584478,-0.0097325936776673,0.02523932854509749,0.010162718782786425,-0.0022824831630729714,0.0071787599009230955
1123,0.005876145869428161,0.010073436926806033,-0.01822375778147526,-0.0015644081075672025,0.028971340023029223,0.01638726818590836,-0.0029315563226057478,0.01176711245417783,-0.02452721050995713,-0.009614744932367964
1124,0.017884166185367027,0.009902650349384666,0.007414222523958494,-0.00020532403574563884,0.01571553423067142,0.02905485124334512,-0.011221567329135361,-0.005080758940794006,-0.03748299906309473,-0.0021298779097072935
1125,-0.020918679696052087,0.0018316306774855465,-0.01933111126314657,0.004299683565685786,0.031029261365184104,0.028076724975130373,-0.008047757554426983,0.021964214271489726,0.00044486809430639506,0.024290504316094558
1126,0.006422578726570557,0.014733838484449665,2.3063129402225005e-05,-0.02360383897323886,0.01202284662552436,0.027434712783195314,-0.034507551716708,0.019397861294130413,0.016860057736554572,0.020910694243496404
1127,0.008346308830048136,0.051857685119763464,0.02570358150822718,0.04515698445452853,0.04673077707988651,-0.02474965350646747,-0.0351171575490262,0.06459690546472925,0.013980231310597968,-0.008330811445221187
1128,-0.00966661077998748,0.0006867215164872839,-0.011981532990368566,0.004816192543047826,0.02856879569262769,-0.004022072285732652,-0.06522732081532896,0.0207800722254883,-0.00034672635135877893,0.015318756221126887
1129,-0.015758943702854102,-0.014630589248306463,-0.01277887941114632,-0.0009244953262205699,-0.011685501660125554,-0.00873036942062142,0.014906205672098216,-0.023565361943812726,-0.01644983954354127,-0.023288615816036515
1130,0.017173263033413468,0.011886915303010415,-0.022495947143656526,0.019525281060453797,0.01002355359958374,0.004561599863451238,-0.01827117823163415,0.0329537508831175,0.007704751209355744,0.018820633555083906
1131,-0.025386886239091723,0.022894716082861602,0.021539061958643236,0.015843953023810392,0.008327212303057534,0.0044757290741824895,-0.0065512947433879155,0.0024857415629431978,-0.012480307149472748,-0.009161571298639029
1132,0.01669056287044053,0.010181359025752438,0.02059343809630179,0.026759856838455342,-0.011042258612963112,0.029692083383758807,0.006633000318982722,0.004148527917807582,-0.02837512280812444,-0.018675858926132737
1133,0.021546773953891363,0.049406612961664945,0.04479206256564618,0.0011943035066213329,0.025265121856940135,-0.002864251850732192,0.0024147260152352487,0.022423843617089184,-0.031196590304883955,-0.005335816969738781
1134,-0.012300435869540376,0.03436923949221474,0.01784571898924166,0.014724983326151051,0.02857044832586914,0.007719748861014639,-0.03612290363902663,0.04932310167525339,-0.025692247506499434,0.014340523431734762
1135,-0.02431703157051936,0.051923109841179586,0.026245305805431177,0.04188664554998131,0.014528930045365849,-0.019311322542017555,-0.057528633154862945,0.025653534309537273,0.0034102212331764614,0.06095336152925534
1136,-0.028301601433156406,0.04370258942105117,-0.006668389964098475,-0.012198767077621069,0.021056086546224078,0.02323254465152184,0.0021703277530943045,0.021102439750788033,0.028814682425169186,0.03642593811645171
1137,0.03417713878371608,0.04870853701890409,0.01744544099034714,-0.015222327592334816,0.04086458967835105,0.013714167628039725,0.010320507465433578,0.012597699336679289,0.02575377874232025,0.06338268989829886
1138,0.009839219776489062,0.01795486018157986,-0.003032437645228474,-0.03775610598430167,0.004891629756228686,0.007086457738745294,0.014070515949164955,0.006537204413574691,0.030419984416694645,0.0341927983647656
1139,0.005473470313492862,0.04922943933001343,0.024667946261351263,0.008365313435988689,0.0037963518008534082,0.013837483069896411,0.00020846990515912037,0.023399476400502273,0.01211209925648806,0.034654201019300654
1140,-0.0031395777659055974,0.003496067639653621,0.02099577878451498,0.024391674826976666,-0.012106777940257857,-0.02380280562338783,-0.0038791307352777494,0.004709319978629169,-0.003007996528267997,-0.006681035756566094
1141,0.015529161437287525,0.014627854823603313,0.028866111849531802,0.0050884793356593344,0.005337556022684044,-0.02694292444155393,0.015365626654331636,0.0024441572982265482,0.0029952100841809043,-0.023907758116823465
1142,0.0069468875740041946,0.011139184185519369,0.02509778067763425,-0.010077962896780736,0.01474256418448586,0.004881270575634388,0.00563875147411519,0.01363615687813629,-0.021465227087933688,0.017974460755847174
1143,0.036137916709934145,0.07448234323960704,0.04472331541859491,0.048587032713852445,0.027697324747241056,-0.007915366094605985,-0.02651627726773579,0.03303737877561754,0.01580560548889794,0.019397280395138217
1144,-0.006515219046064459,0.030420672180414048,0.0087361240131581,0.04252331549988846,-0.008685937147974516,0.014285840288293859,-0.04270124040150634,0.03600462752085341,0.0011677864734071445,0.03305162825409354
1145,-0.01672353651394301,0.021471157112318486,0.008698427398555144,-0.011030794533696658,0.032126670987910874,-0.057070568186109165,0.007622856079786411,0.0297725514246916,0.04027411731104071,0.027827408436102454
1146,0.023373219391482337,0.055553678128111704,0.04744895115262871,0.013455289378076479,0.023301653881908035,-0.032304540003291235,0.015534951692749608,0.03136121569153637,0.026691684852669248,0.03741279675428772
1147,0.01748295705437086,-0.01957543950345806,-0.031030390032100837,-0.031984256423720034,-0.009976184773662907,0.0029186357668654532,-0.008979646495601753,-0.002048169113579663,0.015817044492666018,0.005762410958476726
1148,0.02915596612966197,0.003373333819865796,0.014538877227270748,-0.0326358232738984,0.049660172326855705,0.03487061992430978,-0.018222290978302264,0.020219621867223852,0.03728557585261896,0.011394737274389199
1149,0.008919345137562245,0.0022790009356558807,-0.024653975823988265,-0.004278173083791498,0.024613945020334236,0.014364952326993667,-0.027801303748849992,0.02778495290555799,-0.013296296394738475,-0.006595270247514795
1150,0.0052556820354921615,-0.022810666112812274,0.003009650703444522,0.010517969615319221,-0.023829218130728323,-0.00850663481629566,-0.037991510583166965,0.009132553456876764,-0.007482850694253462,-0.05939652095211103
1151,-0.026049118218024848,-0.014531411585010494,0.03296710768019224,-0.021482225835096815,-0.029600447456792828,0.005587256809488638,-0.03262351590840242,-0.0077753134301707496,-0.01666463521768638,-0.010795676139784011
1152,0.004099821329898839,-0.03586600273081647,-0.02093672349315894,-0.017963940705003366,-0.015154520757980433,0.013579131300195578,-0.00934853795748578,0.009401947314368053,0.022795826157677182,0.004522052794971014
1153,0.015437015512587386,0.01633674350969247,0.022404405491921006,0.04306150752816194,-0.008060165371411661,-0.025181255418863388,-0.0005900707070945224,-0.021734441296106466,-0.044961433501958324,-0.03179133893305819
1154,0.01600111117213328,0.012492564493514486,0.017666713868201744,-0.0071938100744883045,0.015582392839338243,-0.0006086152408836527,0.0209124891020677,-0.01957047711774004,-0.002799881174060564,-0.026927256033968262
1155,0.01067170277965099,0.03676765250382083,-0.005894538465873393,-0.0015669823715102826,0.03731895619275299,-0.02236956079445889,0.05094058056295009,0.011298945972362475,0.002863576017226195,-0.006274442428014795
1156,-0.021602600022549413,-0.030170669507547192,-0.012344315774244451,0.004045794318570012,0.012361351737839213,0.01159135136974244,0.04318928549376946,-0.02815830427523544,-0.018139365662398512,-0.00867207883086126
1157,-0.008156196254578888,-0.012446136660693389,-0.020706240252459377,-0.024593166922005548,0.012221669517031339,0.03104067926437199,0.03804573589412811,-0.015488459602775652,-0.0018605065187758392,-0.028552759332655803
1158,-0.03353388245530259,0.002624424312778239,-0.01309123674627912,-0.03553812858284535,0.031758174526438664,0.011599226306376414,-0.012430167389459387,0.008220914716871286,-0.009370341948093512,0.03172265840005873
1159,-0.03959215763741444,-0.04046774922012962,-0.04358496871172254,-0.03328110379667915,0.0014588865570042474,-0.010497547250199999,0.02395357872811691,0.007023170410790507,0.009162077581529275,0.028092192097528834
1160,-0.006800830682536474,-0.023326677025607253,-0.055960955074704916,-0.00937136627450462,0.026902395187066913,0.005116639478869412,0.003996923050178353,0.010043042724149425,-0.004564525635050338,0.03120969312983296
1161,-0.014545142209796889,-0.021650078275222903,-0.034247745178522984,-0.00779170449603039,0.0010496864634938542,-0.013616311112977772,0.023510364143807323,-0.020740946157467313,0.01233014312913573,0.03437338135250884
1162,-0.018247889608664927,0.016189050860882372,0.018737593499330237,-0.00775306865328711,-0.010079201956239833,0.0006919027861096587,0.01621267348334777,0.004301616375244374,-0.006384267118331121,0.019753672312352373
1163,0.0182544772750376,-0.015638993700281777,-0.0028043636250285127,-0.024959743241740103,0.015259707653630345,0.02046815182615088,0.007153710367493617,-0.005478727702587864,-0.005958881348660095,0.005956620382655927
1164,-0.049875031758764954,-0.0019195349077091375,0.006827676168527879,0.00896271724366748,0.011890010318405923,-0.013837601222274539,0.02323090061634106,-0.023188477542352884,-0.015397941388865835,-0.012187840716090583
1165,0.010094749431826281,-0.025647884397190974,0.013074096476664713,0.001039455145970602,-0.02752288876051371,-0.02748679379207183,0.015938696831609547,-0.0415597011129409,-0.03954776162419396,-0.01686071839179333
1166,0.017425586414206357,-0.017523208846264078,-0.014026028576394534,0.004356901862548888,-0.024833325168180858,-0.004570608957418814,-0.004129862108497986,-0.0071601364348158865,-0.018869801491789694,-0.030098528092777042
1167,-0.0273429371382889,-0.006331371609927375,-0.006821243442601354,0.016201963387517126,0.01615321545789206,-0.020989252189638388,0.005295329151455567,-0.0007677947676691337,-0.005587753747384744,0.03586922174024481
1168,0.01367981330094519,-0.012747796667347268,0.009212532542468132,0.005537591300062067,-0.008491586729964475,-0.03228859759062527,-0.018575789332955655,-0.022045413983227458,-0.04196696921922799,-0.01965896758697495
1169,-0.011152057670100055,-0.0066801448896919476,-0.0017090640703530003,-0.00035719736527107913,-0.006011123066731807,-0.0045391086552391885,0.0012228655904297598,-0.021612550336878943,0.00413593532681527,-0.01983574840893876
1170,-0.02608261531833323,-0.014342208467523885,-0.025425170434860513,-0.041020262165030505,0.0017249055377491801,0.01574721631431136,0.05072224198579619,-0.012380736473719971,0.03536605829503157,0.008900580365809454
1171,-0.011089110432896907,0.03129600517097279,0.014762004554664903,0.05535106835116939,0.037379028520374565,-0.0098838068521619,0.013381857874978701,0.0004471248623335193,-0.013065416646630633,0.010867221349276751
1172,-0.022275527381646204,0.030023564719885976,-0.005878587675197745,-0.005217514753222644,0.0086661900183016,-0.0033239490650911535,0.032281145109846754,-0.002784493558417715,-0.005795607571727136,-0.025846504904696456
1173,0.0359169532717363,0.02817747516320861,0.019193849438352267,-0.006148428646874468,0.0018531316958333573,-0.019571042600996333,0.009920815223780978,-0.002161390825431622,-0.03371988479236307,-0.038246780758081855
1174,0.022335204801553415,0.01736365500666005,0.024770380535773646,-0.014638135707640125,0.009587495491423056,-0.021062445585681225,0.02930350653800133,-0.016069982415382506,0.0053895813417283245,-0.0006575578101550242
1175,-0.01680293578597337,-0.012365570654272882,0.0161487090065514,-0.012122928584096351,-0.03510275142112338,-0.024479232915330423,-0.013935624297870701,-0.0021288663734942356,-0.0018899469525724747,0.025447439494592827
1176,0.022062577450160745,0.006415154202378939,-0.0032317759778668054,0.005192464688726908,0.030636156705590712,-0.004798463674238762,0.02723982909287161,-0.03679600365479235,-0.028063028230560352,-0.0077431590052265175
1177,-0.025641600333620573,0.018668279149500564,-0.008915698161926812,0.015580386467578018,0.02008441861607156,-0.006612512746713434,0.015881529792739452,0.012425510459934267,0.027477079835783687,0.006304694461261569
1178,-0.04712775363216556,0.018729738078667527,0.003729381824970082,-0.004054723824711615,0.008422270040670612,0.0023050613860822328,0.0185062615658949,0.03129727681964864,0.020862610009578234,-0.027907814336020353
1179,0.03426712403589033,0.02060327569525358,0.021858281917372806,0.02558059101386873,0.011278928156471415,0.014929666292524272,-0.0005445700837590678,0.02222698024057962,0.008541924827890455,-0.032177992493834316
1180,-0.0009375567576873367,-0.0023507799325051277,0.009669868748932949,-0.018004156177582345,0.004646776031720927,-0.030571236711340606,0.030969111115984008,-0.01651296990019995,-0.010812983557220403,-0.002165067182425004
1181,-0.00012660296222235056,-0.011459797364023973,-0.020089636963497914,-0.0006607274864573787,-0.005486304790760691,-0.060922910957462474,-0.017078911360304358,-0.006912794910875871,-0.010491849252655108,-0.00453257784039855
1182,0.01032092344219495,-0.009529092183996082,-0.007975412980107168,0.000647662501498597,-0.03185301395360363,-0.02579675250831201,0.00831935944040363,-0.00827916740438397,-0.0128827511341232,0.021890039188625594
1183,0.01730974869167284,-0.010943211618540024,0.0025865322157881563,0.008234733260394377,-0.003688705418586404,-0.019078278039086217,-0.002551296026909242,-0.030383869924939542,-0.0364149299300215,-0.008342883881709
1184,-0.054972948537066586,-0.0070774733832340364,-0.0047880100401285495,0.03178695343027625,0.006659441412960124,-0.017690438367623705,0.03927116939763563,-0.01278334503167745,0.033400743808029,0.008437259135791452
1185,0.02422257158813107,0.0035232920890306977,0.015253444149399236,0.02942250083683684,0.004357972914707938,0.034822481550710355,0.006271786412009464,0.010338553892893806,0.005256959597912137,0.029420046035843663
1186,0.0097645203396537,-0.0006471255768145306,-0.0020636892382407627,-0.006539261101081863,-0.003039226389450789,-0.0006582185495178862,0.008108356417297092,0.021495859161555053,0.041205292044954454,0.03376580568460439
1187,0.0012909035524812016,-0.01735604272603445,0.01665478589092462,-0.01916576744197078,-0.0009512174057590719,-0.016925874135592673,0.005085543466940077,0.002958065127331752,0.05801421971185107,0.013364015136820522
1188,-0.0002527801011686136,-0.01649432214828515,0.005058510602522869,0.0020827003194067197,0.008035555972674333,0.033161348628576455,0.00919414305111511,-0.004194136241348516,-0.001725433980218773,-0.018238945753514917
1189,0.008738881389979624,0.006480279478307797,-0.012976961745262047,0.004366912182908372,0.012776393202083423,-0.027431873453741734,0.037029602537125436,-0.017702458830418672,-0.05923218529728938,-0.04067121608141118
1190,-0.0003318478425544786,0.0008332735403064731,-0.006124950256130309,-0.013797230473146677,0.022587042240628383,0.018828752281131605,-0.010636367909441214,0.00907361741649797,-0.0070489437584364215,0.014069424051336472
1191,0.017780689846453777,0.005412864252073961,-0.0071429028895358265,-0.013798453553462571,0.042320789072832626,0.03062998083757888,3.7148013249139596e-05,0.01816558075412924,-0.005249640823705315,0.019887607514012872
1192,0.0228642425338108,-0.017840042051458557,-0.022945317232135547,-0.025588304568117483,-0.013155723105340841,0.0054817940409786796,-0.011352787520342815,-0.025595758240844195,-0.03250614447299502,-0.02858870021714149
1193,0.0032648460599631578,-0.024826534455974766,0.0034518234786176587,-0.014123350283774132,-0.040860140049730084,0.014305220508379965,-0.0060118771447612174,-0.00681104158578897,0.005519338334580372,-0.0049281512750751115
1194,-0.01567722961694453,0.005412636089068194,0.02192215401430875,0.05046507115289189,0.011906707802657315,-0.016212173839857073,-0.015853242491993356,0.01470523122379559,0.03659915200128704,0.017463421504467152
1195,-0.009162445079613219,0.01681645898511724,0.009840224091934658,0.03613063733389049,0.05533249339118752,-0.0046878299994876195,0.016226999083126133,0.030075578834808502,0.013690821296094856,0.01838021232435728
1196,0.024559829730865988,0.004636517517780186,0.012117178453851104,-0.005591169177535456,0.02126094401250437,-0.022276554589513102,0.019578673773215035,0.03600974788696322,0.007076278393303385,0.020845619202161006
1197,-0.004857121503243909,-0.02615868099889373,-0.011250449338788372,-0.006468018629524299,0.012748094487852572,-0.004571899878664714,0.023316793391324038,-0.004322043645213699,-0.010848623910228124,-0.009924571886995356
1198,0.018361823982527732,0.02038435117710675,0.008408108579167862,0.008158119998130672,0.016712624108538042,0.002935629597474876,0.012591708592400858,0.02698091576120474,0.013602783875100322,0.015115650147520601
1199,-0.0067694608805669194,-0.00784513741729847,-0.02189639486963334,-0.01436031442922308,-0.000553285099165465,-0.017189672418302434,0.007631978660305683,-0.006397313509317611,-0.014926651912713208,-0.018774993361155446
1200,-0.0183582988143781,0.025942454244593207,0.02100291172912645,0.030011839292501064,0.004936741869363459,0.004473075150167404,0.011013505142625614,-0.00013269472802392266,-0.004989511978625488,0.019335484913361713
1201,0.029829421399355953,0.026116650634501394,0.0020543047698405297,0.01669796091448844,0.004931621707984492,0.03469834798292076,0.01735271608342795,0.016276173973601624,-0.008561145680696765,0.0102653267820559
1202,-0.005233615202138136,0.012835185701437558,0.00861507899729271,-0.007874365355407463,0.03433134659363963,0.028700665290857196,-0.0011352958223435027,-0.019522655052829886,-0.032981721028490514,0.0025125605034193835
1203,0.0017397879402658906,-0.008942250318642682,0.001502317427700344,-0.02975395722596703,0.0017375170463291587,0.060012067219870714,0.01707726554404453,-0.03077511439669183,-0.03875659398010755,-0.01586775416584155
1204,0.028051773146634065,-0.00637353055651758,-0.0037584156176328864,0.019111091451387393,-0.0016316216255647753,0.0062096793123971395,-0.010995809041747589,-0.010291786755774303,-0.027237241350498202,-0.014119897290156478
1205,0.0009763446672700118,-0.02535552549872847,-0.01761163732443377,-0.03828448283876808,-0.028612197688048208,0.05337073158530891,-0.0070571799052859445,-0.009259600928976661,-0.003612463668639641,0.012559811734282722
1206,0.0276035429397467,-0.030959374032752365,-0.00872735236978114,-0.039435342816518344,-0.02192640378215465,-0.007667040567087894,0.025153722930939402,-0.034626052109220776,-0.02302692965505146,-0.012735871524035327
1207,-0.011478640647360833,-0.0038703001830730083,0.009202626734945749,-0.004538787312832357,-0.01978733086111497,0.008663031256951254,0.05891896848467281,-0.009979375643169405,0.010525549876868203,-0.03617637090377672
1208,0.008299985205369296,-0.0009515199065387995,-0.0160366199389637,-0.007779260130682378,-0.01630982810356868,0.004461336224160663,0.03985736263403194,0.008366962945214444,0.015633938545242906,0.016940559182592036
1209,0.029571830103934944,0.005502915327864879,-0.008749891438716711,-0.036837495105837156,0.004686134837746289,-0.007755170944279677,0.04733373036697539,-0.0036710819186983696,0.0007531673036127676,-0.011150244718403637
1210,-0.028988962279681795,0.002300557195684952,-0.01026029962145795,-0.028976804617645183,0.018749427077515087,-0.04598147174761503,0.020072849521287014,-0.0017885469794318004,0.0506150289523559,-0.016595745058760665
1211,0.04045697611178185,0.007529434261527575,0.015041672005023387,-0.0008524567913482636,0.0354155236244829,-0.00322329800804745,0.009297245489958838,0.023840287475551992,0.028324570311457846,0.0047166530554081385
1212,-0.00289686479868755,0.015865453823548068,0.011106051856484467,0.019140569997691672,0.018945326612739663,-0.0009762596991225465,-0.016234214300139237,-0.006825137395752731,-0.027151742585484917,0.0015745651311988328
1213,0.014711187699267166,-0.002511863228012694,-0.009726225448879133,0.020871412820260758,0.018454475192197367,0.009619392297172217,0.0062676084349184685,-0.028746888315073393,0.008125442453909273,-0.012380136076762206
1214,-0.03276644322047956,0.012746831478868917,0.022896604400863725,0.026091999554497956,-0.010106771070038625,0.011695520367666034,-0.025268277663090435,-0.01743119855559009,-0.0024394165356981514,0.0009283854121114421
1215,0.021808247866776077,-0.008947623769919406,-0.015186571857472608,-0.006452635861447176,-0.001664764970182416,0.022420912684597605,-0.015620789059612034,0.00034334399794845306,0.014374501933658171,-0.013619090377131438
1216,0.009284251331472808,-0.008463054699100562,-0.024362626852190327,-0.007366226221745113,0.03411194017429429,0.01859158275455574,-0.0031574262611054273,0.007748121882136247,0.01971619917982844,0.01877826703721471
1217,-0.007715278024105711,-0.012619328582390435,-0.027305627459988577,-0.006841536478423452,-0.008822753611297453,-0.017918056999141906,0.009609519663806925,0.01531313459388068,0.00595240310281094,-0.004787293731924382
1218,-0.008646590685343786,-0.014617720358294218,0.010460456916234186,-0.0005950328573389649,0.009401127730322133,-0.0008943152130921636,0.01365265607434973,0.014779075815218388,0.02193123496979209,0.012686827186069848
1219,-0.00966853700025818,0.013004746360365017,0.021860641761814303,0.02003572654041629,0.0356829481157362,-0.024018936816907192,0.0017585646811223838,0.040031490834459886,0.01475333743721823,0.011336030831253804
1220,0.029257427199238777,-0.016048733304085776,0.027520950658263973,0.008387454997610986,-0.009247668279280818,0.0016354465946227673,0.0031620093930566323,-0.032133952820748664,-0.04175981275038347,-0.015739555862190058
1221,-0.011826127019857104,0.01585737815344042,0.02094381453505856,-0.016306668853019107,-0.004955614480589296,-0.0015726547743014315,-0.009911137352855294,0.008547712123635106,-0.004608023898556112,-0.029120373797455565
1222,0.027974856320153303,0.04372366912205639,0.02284954212099136,0.006686777108891163,0.032885895624698715,0.014915555871660479,-0.008481869080369893,0.018227779875691564,-0.008655416748736645,0.005728416672824705
1223,0.020787507114640637,0.04277275234596567,0.010752153113120241,0.001089369603952967,0.012048941476230774,-0.021732397109339427,-0.041659828509621556,0.04170699774403699,0.02347393906185365,0.0031085707197535057
1224,-0.009749995935517104,-0.01577402566160463,-0.015027611367581885,-0.003320780032806967,-0.00891825769737203,0.022985583223531645,-0.025914199121309007,0.03808873363109878,0.027623629339886536,0.010015347884022164
1225,0.029374389706958763,0.020183628013734186,0.025562358238989384,0.0015854393603312936,0.011546174790575018,-0.009522200914431345,-0.01581025766027648,0.023375506471385456,0.006249319046543321,0.024391734027586244
