era,zero_pred,filter_off_s10,filter_on_s10,c4_random_s10,gaf_s10,filter_off_s11,filter_on_s11,c4_random_s11,gaf_s11,filter_off_s12,filter_on_s12,c4_random_s12,gaf_s12
0971,-0.002451582519248472,-0.011143801260108006,0.00527761077753171,-0.015003739630197134,-0.02251912498936685,0.014785473539218684,-0.03691411762938573,-0.0077491440394865515,0.010520869387112636,0.04635971935532179,-0.027242585695468932,0.024481527761196765,0.023136616336249943
0972,-0.010961311545608221,0.036129900119590316,0.02593601785878575,-0.0032508247497758797,-0.010928364511802579,0.03522117287872587,-0.005792667440749035,0.023533035695685576,0.010718400608933004,0.02630847094416672,-0.001441462770474468,0.015147538955002317,0.025888707908627392
0973,0.0013417516065275233,0.01577405248984504,0.01016379071014831,-0.001125362338313323,-0.018536033688550044,0.031443014778129046,-0.019852810642676785,-0.022629858408403494,-0.00039394402361528195,0.010389913894953574,0.02122475906846996,0.0050843300765112814,0.02351223661660067
0974,-0.03692532947707726,-0.0014497664388572003,0.02580272731126,0.01897697656763672,0.01319239924910158,-0.03915698996661256,0.022141033372009542,0.01963206198412933,0.007084245488088909,0.01664531399991457,-0.009007908416967202,-0.00015677848398127373,0.02013657458224913
0975,-0.004832660343773934,0.01012312544608772,0.028664961624014534,0.0010923406152832508,0.01624196452755507,0.02236718247086228,-0.0068112634157758345,-0.010849107393696322,-0.024268227615058337,-0.0015258673661135533,0.04041214564253835,-0.012922074580386573,0.0028118555948064964
0976,0.0041897772852091154,0.013595877679357419,0.02202526703352446,0.018547152098570132,0.003237033714693692,0.02373519742647137,0.03185049373735126,0.013449053502714003,-0.018695637718117074,-0.009104102059296607,0.015827560076513432,0.0037312632272249553,0.009128951929972545
0977,0.008616303270657225,0.02728277819589961,0.012029820191233628,0.013085903385722545,-0.009932211567698763,-0.001605667191415377,0.021422731900551276,-0.015561687681051657,-0.0407670822164026,0.0123399541501964,0.004179368964939141,-0.044087584426632895,0.009186247903981704
0978,0.030843158378365886,0.005122818821555562,0.008653669548368475,-0.0076443982820389575,0.004269206891607208,-0.014208461244694484,0.0052797635106082395,0.013317656415676707,0.01712730348060978,-0.008846917684731642,0.016196423243620237,0.00916427962578189,0.002293434591676612
0979,-0.008685533194015138,-0.022347252648091055,0.03705278807634432,0.013026589096202731,0.0022029744079569685,-0.017998040827526905,0.003340751608314798,0.006349769258446032,-0.02016409968113189,0.003990269341539478,0.006837104394874597,0.02763500409804645,0.020377632505257374
0980,0.014771424737039556,-0.02831000509106999,0.042123195218022325,0.02791044791442714,-0.024658989180217684,0.013568662917249409,-0.006162356014797483,-0.017740785299381247,0.007112005126196591,0.02184958311485169,0.02941896272291642,0.022729416263066037,-0.006161937405033722
0981,0.007994220539171138,-0.05680301565793706,0.018588252511602003,-0.00015311632619337314,-0.010927321393210844,0.0008901078632202715,-0.016753345764717608,0.02573589769687107,0.019784500946838396,-0.004919401771066594,-0.025750313284327524,0.04330582695707377,0.03456643542942206
0982,0.016797622426567817,-0.02527124913665472,-0.00864370355442497,-0.03151120671628816,0.008965234534159802,-0.010438503033852561,0.003151127464287353,-0.0035543810604142406,0.0001936580069316392,0.01439795061761388,-0.0049542794906526,0.007443628466550912,-0.01005849488070107
0983,-0.013244689333901964,-0.026270418858938785,0.024437714736204298,0.012238098635646323,-0.00034721151322632883,0.006704381259691425,0.010845165134415913,-0.018154142971135136,0.024073477003758063,0.000934041490088307,0.025631307132131038,0.005214861521987205,0.004943011395585571
0984,-0.008063413250391296,0.028773786736406518,-0.0010470581784897542,0.022646689877511717,0.01889035157031696,0.033533604210043436,0.008931904402376711,-0.03489065526907378,-0.019532601766542847,0.019593166263738613,0.012809986778107296,-0.004961790200722636,-0.0004307793795277492
0985,0.007442146132931644,0.00867497413986104,-0.025676729781638315,-0.0006454058278197591,0.0025512361827574608,0.01623120801205891,-0.004127710302759888,0.0038937004339138002,-0.03183585463975508,0.00034704818802564977,-0.012903040357456973,0.010790992637377763,0.007169468683904823
0986,-0.028728886954277333,0.009710303501318,-0.0049093970196838746,0.037441503621521134,-0.046446156216774274,0.013367948673704734,-0.04201306687936541,-0.05786966446699418,0.013551708049213483,-0.010633713834910867,0.022227878599927784,0.019598703895499038,-0.018840251160162302
0987,-0.007807374649021647,0.026397631079123126,0.0010107136254222,0.02934832492549537,0.013178859202738842,0.05446032256359978,0.024758810046135105,-0.05032925772089629,-0.015121749724615318,0.02707123621831836,-0.004623805940351375,0.0192070015192226,-0.0009203342406272722
0988,0.014611095856229973,0.0027064616877337236,-0.004864552553308251,-0.007909973848325215,-0.01267522050094817,0.06481164160569818,0.02871758859691661,0.01797606196697182,-0.03634186928952067,-0.014587910098168292,0.011797615863211033,-0.018280985197809105,-0.008854114888113088
0989,0.006647735811050316,-0.0030698483208134388,-0.04379998558905916,0.010929248330861497,0.011937837238529203,0.025989704839199695,-0.007440079271522558,0.018189608981373277,-0.06617374378088094,0.022811361447328142,0.006323802733703065,-0.0008528802336707054,-0.021539069555744417
0990,0.03639737775449533,-0.0319714959253375,0.0064184030777618166,0.02601931244827503,-0.019115615455268808,-0.01267300529752616,0.010843161680070813,-0.008000685080485086,0.014349776338516178,0.013316198569604303,-0.010430962415970496,-0.0638709839390071,-0.0242007647233428
0991,-0.03159008478047507,0.037686758628720465,0.0025622185222485597,0.011662760401439362,-0.024896676360589946,0.02722881133649795,0.018208028307077274,0.027985852753331958,-0.0033171090627781515,0.047726524267548705,-0.024207241423157163,-0.04188359188154996,0.03517114362462394
0992,-0.022186351353680845,-0.007161248981393086,0.0011307360898361654,0.01810066227587052,-0.009370528287212309,0.006134481370364029,-0.010441714043168722,-0.018482202978270395,0.02210367909173069,0.02755889273094571,0.008468288073872319,-0.016388622808896695,0.02240691218046153
0993,0.01894353757027376,-0.02459393538662374,0.010356869549329859,-0.003164164179270449,-0.032033531224773905,0.015330530248603987,0.005829035076560097,0.004582224703414886,0.01793002709636201,0.04459870946595295,-0.004235664926004361,-0.018131082268045343,0.009997861828958537
0994,0.02940604392436243,-0.0031411929639008694,-0.015121056254018207,0.011097795558991456,0.018104683288049376,0.035776957397960434,0.007755072415185966,-0.006577217602733364,-0.014567553025697373,0.06785097243771453,0.018235690491353828,-0.01593286981130329,0.06655594657851983
0995,-0.02086031478912195,-0.015467564820722797,0.0021474664305865788,-0.00397367897712505,0.017058771198710895,0.004229329813288133,-0.0482999744907653,-0.0027191708881262864,-0.04875730263471359,0.04828548027452987,0.004864719957910684,0.001241251441741394,0.01228375477328511
0996,-0.030425190300054257,0.0013940179861658734,0.011247761457978253,0.0008394125437586307,0.016655453295661968,0.005878147649511619,0.03466113309809457,0.01748001899666718,0.0018514572650496404,0.021545031100192336,0.02037950629074033,-0.004704442752368598,-0.02359566924960808
0997,0.020734456970915,0.005904198564193258,0.01395492125243737,-0.015539791509007304,0.023613664767845977,0.022638044623048744,-0.01511937375488884,-0.019755507685101953,-0.012431426669660876,0.01528255324069172,0.011293599714465835,-0.009235267882067607,-0.0061831438959629465
0998,-0.0143239323903103,0.008849625047337438,0.010022030940839928,-0.015792905651806362,0.009140365932409548,-0.006452066500796898,0.021034906352555834,-0.0073353057985514475,0.014316935461317912,0.021589760623031914,0.035837971120171466,0.029844616662383493,-0.00021693483995658278
0999,0.006547332209856398,0.0007395676398179277,-0.012391134017498195,0.01844249240965735,0.009454993090246394,-0.005687710020164925,-0.014019607880728027,-0.00890243583198489,0.013387476352223572,-0.011714421459916769,0.012622886480953386,0.01042055176598837,0.01887691302089448
1000,0.0274473169589776,-0.023452094372388658,0.0046068077697878525,0.03371922351429162,-0.007804410113354957,0.03689751697793138,-0.01966966898112155,-0.0017536232622835932,0.010720821023701978,0.016718328554214786,0.021442805182693214,0.023199700829462367,0.032227747840278424
1001,-0.026842064277187657,0.0005070268207819148,0.025629695319345176,-0.029488508905541475,0.010233734823649488,-0.013650140867126579,-0.00468918579213498,-0.011051047239784728,0.022701601979031594,0.000319327637927774,0.0354817830330468,-0.006088347720139868,0.003319703296662807
1002,0.020351935378456216,-0.014868027711742258,0.0006930389214465588,-0.03365008423189528,-0.0014703099511109191,0.012762238119697036,-0.010401352866332687,-0.009757260543632594,0.00873034872649911,0.017411865333701385,-0.005516419747229428,-0.010276048406352338,-0.007009096291496779
1003,-0.021334064961953524,-0.002325628389336364,-0.01054474302564289,0.00918341693189717,-0.019269623398340933,0.01481946482110388,0.015426139229091529,0.01600648916643009,0.0038636741259916326,0.006496238725001422,0.0061545240134260335,0.016292169934490636,0.0034338707963850633
1004,0.0005924577586927101,-0.011873261751833376,-0.005333275109644123,0.004178279722513313,0.011672994197002741,0.025739565347933258,-0.01645712084969613,-0.0015707493897268478,0.004947593677574803,0.021042019062414954,-0.00957514015703289,0.024393764329721065,-0.004235111897169251
1005,-0.004630292197684911,0.041267519989690804,-0.009696385292613645,-0.005706671222703538,-0.007003621733567801,-0.015534017146766336,0.024795739917782354,0.01183672136300841,0.022478317350597462,-0.005167928818635543,-0.014287993604992834,0.003677275243229254,-0.004007660963219216
1006,-0.03110885730350559,0.04202266851933023,-0.010657984428528305,-0.00034232545566264557,0.023395601776178266,0.018287969233493413,0.02033536044370979,-0.015348345881357427,-0.0012680461384373138,0.06878424067364312,0.008386139464504857,-0.005934505516892577,-0.002893963928858017
1007,-0.001300115924937012,-0.013250759577862826,-0.0034240771329687846,0.04938419356500022,0.0027453802559542335,-0.008126455295477774,-0.01714085370950975,0.009549015863334835,0.011857316508971786,0.032535934476740795,0.009596660853979833,0.010121142363694753,0.0026213602041088705
1008,-0.0020524993325776123,0.007438879304150234,0.006313148616721291,-0.01264740648357363,0.02803072754569199,0.005142727113885985,0.005473320261766288,-0.02244650444940511,0.00710718084197144,0.0273361353227902,-0.022358923450314996,-0.027236995455217537,-0.006051585095472194
1009,-0.02887814028945474,-0.029063547558929682,-0.017566558599726435,-0.0022188119534781144,-0.005323044083994863,0.018268246369517134,-0.01602558178681132,-0.017985917945681728,0.0034221070468367105,-0.00786101338674137,-0.007387719899797093,0.010233415678333503,-0.025565595807320714
1010,-0.010391403881295926,0.0016342760669649887,-0.0069327206209818144,-0.0008419801149671392,-0.015219347934675708,0.014798715569133635,-0.0394624226108015,0.005653999444430204,0.037745626003764694,0.015588731264578696,-0.010607901684277256,0.021366323326339677,0.005060428258659735
1011,0.001047370466528343,-0.00486710646348089,0.007981116753988955,-0.007957109855650067,-0.0020658883936218904,0.033612547337930274,0.0013670865922079348,-0.0019504909868414654,-0.01010788140887986,-0.012477332491471666,-0.020728472609512837,0.029022816618233378,-0.02933531233770766
1012,0.03144698030933789,0.06607999890332472,-0.011557515105965218,0.019725122000114788,0.022935063444361962,0.04162538242447969,0.02530964865398673,-0.03107303708081264,0.0004543404480353977,0.02078399554340435,0.027189402096962766,0.005051048136458123,-0.010228784910000732
1013,0.00033858642044352487,0.02205240693938592,0.00631294749148284,0.02920459377316867,0.02472131122324947,0.019513604350089406,0.018131127121304144,0.006621508324133121,0.010137713745973114,0.031283445572000204,-0.006989289481015039,-0.005692244732391426,0.033580485648158166
1014,0.019246396130066103,0.005801045490934092,0.02813586067333222,-0.006244612382587767,0.0028194624629275336,-0.007888217015497752,0.003183222538537025,0.009773611647003048,-0.007258219331892972,-0.0007366709873873851,-0.031758144133715145,0.009922196886370688,0.011230157740644292
1015,0.001435525437755942,0.009670362322320368,0.04220986084344222,-0.031065455933697476,-0.020395759635373625,0.021467290611722867,-0.03370818690909888,0.028986765237078677,-0.0030466410673665504,-0.016052395124978164,-0.014286104663516735,-0.013011702201705593,0.0016149900591707035
1016,-0.011047723940466644,0.03345710471606093,0.021088983948597255,-0.027094942598890934,0.03690323933521255,0.016305903021025553,-0.02881243884332604,-0.019628953940674026,0.004628644550073657,0.016612243310529694,0.027689736587455643,-0.026758325793877782,0.03125098212952737
1017,0.004627870232039845,0.016326585603426473,-0.0028768568339453396,-0.001170722532417632,-0.02379193556999462,0.038584566970115475,0.022258880750344864,0.007323156024429626,0.0043698485412543365,0.03177639816174037,0.02448069361726577,0.0253910319940223,-0.006937463140770437
1018,0.0007272681270894936,-0.015811394567555075,-0.005129502322326213,0.0360417138385081,-0.029722658520351768,0.04021146586294615,0.00383115595654347,-0.022157479648876703,-0.011949339876619352,0.005166195759787154,0.028645607259787046,-0.0054257156815998445,-0.0004405155440921266
1019,-0.030426925402136637,0.006641574791239091,0.008091858245189881,0.034505752581455405,-0.007198085309562888,0.024637154897339527,-0.02304071601371847,0.0039560615638515205,-0.008692909141464573,0.019572149602437805,-0.014083295085783307,-0.006462727364550527,-0.0017840154092242694
1020,-0.010754244506001636,0.02044641092823745,-0.013130658573021996,0.01051087711575619,-0.01549129725394454,0.010448511167090306,-0.016195790402356233,-0.0006618004948982102,-0.021926612288986184,-0.004722330263729834,0.0034007779462869275,0.023214706696320923,0.0017639291370621676
1021,-0.01394937563322912,0.006631541090598444,-0.012287291720814556,0.014350296463284881,0.014921090567949418,0.010622280333765576,0.002114500910152784,-0.02532043131730635,-0.0008571024740623062,0.01767985870472365,-0.01216916812802937,0.01677404984591017,-0.00964729923162496
1022,-0.011523982959343652,-0.0036509485288747285,-0.017118022539006454,-0.02189584159558769,-0.033373735307061864,-0.013908726440865438,-0.02185884108643825,0.01195102695585942,0.004639914828690262,0.0032125183216932273,0.006863019536706264,-0.010449709696187548,0.002515928301807147
1023,0.01884888080649679,-0.022494502421911443,0.0002958852785458046,0.028995313318599406,-0.015951895234771456,-0.029547670148615313,-0.022527387484612926,0.019200062992270138,0.006970493110672449,0.007631538623618187,-0.0014216731014313295,-0.03152481805407758,0.023983579303129332
1024,0.00293765437092709,-0.02788796876396932,-0.004351020767092738,0.014035703636820692,-0.008022962619149573,-0.04945755235849022,-0.021510534960722555,-0.010366043822532181,-0.025976959266239892,-0.02845076310789203,-0.026519595599494804,0.00021782840654209555,-0.0056199129423747775
1025,-0.006553041679468246,-0.016011524557275992,0.009571447852968843,-0.00651191869619398,-0.01642380229836776,0.0041965545925901635,0.00037873927687055205,-0.006401814312516283,-0.048043688432150865,-0.00012438738415786608,-1.7418862477920973e-05,-0.018114035206552234,-0.003102911841762052
1026,-0.008785828733787344,0.01995776568817002,0.007250032268375887,-0.03160639700106581,0.007850061497849812,0.001700677031549923,0.011315083534965137,-0.005439894830089517,-0.050399076125475936,-0.0004943623599069488,0.006472486859547106,-0.022606995850570574,-0.010486102650373101
1027,-0.008067897888607418,-0.004069989259719369,0.020532363939778992,0.020979849237553565,-0.031147108523970648,2.9799710238134998e-05,-0.008158494900343266,0.008193080547290791,0.007625765025422334,0.010955721402389996,0.0012725219911425742,0.03216215340267697,0.01972509595778742
1028,-0.010965453036782728,0.014749283190009116,-0.01429974804224601,0.012850197929304905,0.01035908325421814,0.00814795382347982,0.010740821495362894,0.029099347048603258,-0.055029745301458745,-0.019233131472853316,0.0029177530564542843,0.015246251540302801,0.029065714127145384
1029,0.008849396567939354,-0.01601146808968237,-0.0020433958107553968,0.0064366302643949404,0.001046646316861113,-0.007288146729472626,-0.01189200710856285,0.0009332042702140092,-0.022264842177697794,0.009842097820005696,-0.004547188964389886,0.02870646497488004,0.022738084869483633
1030,0.03048811642595173,-0.0016921475673823338,-0.0036897405021395226,0.021240567083788037,-0.013083633701550133,-0.004910571080372017,0.03655671926367803,0.010887105446275717,-0.01935909568310754,-0.00869199944211446,-0.04388900631093646,-0.013048976657993433,0.007472379710469956
1031,0.02652804330325954,-0.01758912344438133,0.004762819223717022,-0.0073921380909597436,-0.020748941322021517,-0.0067095109384232455,0.04682731216155376,-0.01805993297281814,-0.018479324662841735,0.009376363480541352,0.0077830070810168,-0.006430855336972282,-0.024002124719410243
1032,0.030549313950508455,0.02090261588847901,-0.018814980628771072,-0.0026943537873672825,0.005033524200558267,0.039608673677398724,0.007582527943706969,0.0052502450070283195,-0.004902637062582232,-0.026726315031383185,-0.006351202460843153,-0.011744645363926352,-0.016392027985123677
1033,-0.028621255714907423,0.026787280384563728,-0.012844735617802276,-0.025867648501857236,-0.014799951551372922,0.013683673865703424,0.002714786236787184,-0.05124281325430441,-0.00917045683878789,-0.02079695519455193,-0.036512065782346934,-0.032241476922197795,-0.01669955252646285
1034,-0.0008085739270623796,0.010438177078650262,-0.005725750673114255,-0.0015139728780816297,-0.016601929109044303,-0.017439840728892257,-0.01967969241245842,0.0038723130044375055,-0.004337446758678396,-0.01830914469362172,-0.012631842718386587,-0.006744693919019964,-0.026190866060469935
1035,0.03623204107546196,0.007933587193594476,-0.027558348989819875,0.005694433769789659,-0.012118544939386152,-0.018047826201824775,-0.0021218876027327862,0.004265138965735719,0.002526731320959912,0.004992035112589234,-0.008300505491052435,-0.00882800763872344,-0.006140320165059425
1036,0.012213624558046176,0.010731013424887671,-0.004899464061466026,-0.01555239028426647,-0.0014727155252181668,0.030067771257710943,-0.017698075255165282,-0.035621670982685566,-0.007560499872507808,0.012136095732101693,-0.038364308218586114,-0.012598508128717802,-0.013762974233960142
1037,-0.006774915138088157,-0.01336106971119932,-0.022010175809452914,0.02734926558429193,0.03016421166493824,0.023669331080152605,0.01833584565769488,-0.0004980822802257865,-0.035995410896317845,0.016265263652956597,-1.2827060515051494e-05,0.002498498358755818,-0.05692682728470954
1038,0.007716170663284869,0.004706431243256352,-0.031031784445733693,-0.006849231523299875,0.018963285805776796,0.054406230138358956,-0.012599544220280558,-0.03592281887137362,0.02617343454705559,-0.0007013050695414413,-0.02575831494507817,-0.013877455243961917,-0.039578141963555157
1039,-0.013671558725719993,-0.018783657869561408,-0.0023217333454171422,0.008345397598910854,0.011844447931035899,0.0407055450899117,-0.003092963028009319,-0.00036638947520239507,0.041006222202163545,0.01829602921109663,0.008619298052432028,-0.02029016304704722,-0.023834034294217727
1040,-0.02316922287110387,-0.03396670174550451,0.004649674517331075,-0.02341453435076044,0.001963270844417941,0.03298120315259714,0.005088582631921815,0.0045487072573012,0.0129478084990843,0.03746370750228549,0.022596322068587957,-0.00511936914151151,-0.019605866927910293
1041,0.0287937082875827,-0.009175535503338855,-0.006410092750151828,0.005718872112242712,-0.03737686011579138,-0.007536712384382268,-0.0028091561144509215,0.015566741017807594,0.057247344344898574,-0.013212948258439322,0.01068508000682101,-0.033647689297540494,-0.02911957476286989
1042,0.008411622288793687,0.028246626488655335,-0.050365296441479024,-0.027701307358105432,-0.02235088653342387,-0.014913623675083603,-0.0077024336590153595,0.011035769702957828,-0.0007559236095948418,-0.02906175178585646,-0.007342826594016546,-0.02889033712853104,-0.011967756794997914
1043,-0.018602466574234214,-0.03296397571062406,-0.01324045974826209,0.006443056140230176,0.03523938060126545,0.024278469150957407,0.017738370293899984,0.008327813107024615,-0.026104212608572968,-0.021467802789430453,-0.0173130431018219,0.013081155674415642,-0.010361801751712276
1044,0.03153970644582054,0.030669654397340408,0.021713570076696324,0.0035092397793671836,0.0025938813388556047,-0.012487861869201847,0.008071817044379278,-0.005129219723397862,0.015624312922146732,-0.024080904174871312,-0.007510120331608229,-0.01097724780661532,0.025275844653114717
1045,-0.017046542528954156,0.022176494923098564,0.047659866690054495,-0.046595144967879254,-0.018670528753652795,0.036621927630993235,0.003345430318401378,-0.04304683826460513,0.00952554344865064,0.013510621604051984,0.016069490477968216,-0.00973306002825946,-0.001910257218284322
1046,0.015146085546238497,0.02225017837817975,-0.0089484000230602,0.005894604196222245,0.011916883689688275,0.039512867463797306,0.03385959897039,-0.006096789361824998,-0.016176155903255253,0.04238043799642795,0.010236495316020508,0.01877522189307291,0.009166432337281623
1047,0.02186783355684996,-0.012077971855635482,0.020903074396411373,-0.001824766417737893,0.02548850387978547,0.017456825643836316,0.006313400886843198,0.023307361646066463,0.02064765423632104,0.044598908521991915,0.025238708320110964,-0.017878255224819135,-0.022621486147885776
1048,0.015540888896025893,0.007866565674675152,0.038644414138044446,-0.014589704781248195,-0.006442080147372673,0.03946685543527676,-0.024818371394977504,0.0014111731794144225,0.00276115456667841,0.02208438393378987,-0.0014160758744448253,-0.0014823360108555908,-0.005858115690567088
1049,0.0034950454516281797,0.014558845199698753,0.001636162814713415,-0.015005152768919231,0.02290569008812697,0.03539747927054666,-0.012903183364962233,-0.031013391169326745,-0.028990967697742853,0.03796848478945929,-0.006682374756167257,0.009442914049856834,0.019264236062253626
1050,0.02181465884936539,0.008221617899905876,-0.006844384201108372,-0.027330569669998802,-0.005186159454044086,-0.022616944657123318,0.0005533814134482451,0.00508893927076842,0.022521734395962147,0.01180058053170137,-0.017847467759627787,-0.006089210194251888,0.006662343122322909
1051,0.045214036964157385,3.035115284796111e-07,0.0006583076226913596,0.012089179891757873,0.007487090702630906,-0.029783840680175814,-0.007899598762443718,-0.008978038868999401,-0.016685010494765933,0.012107301079198076,0.014666516966142336,0.02735262585901062,-0.03039784625674831
1052,-0.008002965064458026,0.005425470665651358,0.018943365714004106,-0.02800852347189715,-0.0033798002743201674,-0.012478009933098973,0.0114069043990371,-0.01754353394296143,0.0054767715034720514,0.01082697215595975,-0.019210530955831258,0.002497705294043455,-0.02224963453858653
1053,-0.015645310077728434,0.008162549084299558,0.027625974956359416,-0.00046112048847992933,-0.028324603120545494,-0.014427767080752935,0.008694971515960478,-0.03792312027461533,0.011209677556627903,-0.031167180060957318,0.019893597631087844,0.008478650769793986,0.006069355788980501
1054,0.020672998489265224,-0.04854488366179402,0.006653026920833445,0.01606373191493052,0.011213016842256113,-0.051312529082358144,0.023633228527165324,0.003998850988654148,0.0225256386995735,-0.021200703847281104,-0.025843680221804343,0.013624829916785977,0.011370850951771134
1055,0.00468367232300866,0.011636984543214058,0.006829728601138083,-0.017317806996585913,0.006302350026735604,0.023965565309661135,0.013766847999963505,-0.005400117760567307,0.009459045098928818,0.0131981897218274,-0.010720756489261516,-0.005704955058540853,-0.010736505694121745
1056,-0.019093646833295806,-0.029381526295983104,0.023990128368079636,0.005944167439797037,-0.014003151887241551,0.00532460354623048,-0.022547116218281434,0.03076467529355504,0.012071806984912326,-0.008772519676965676,-0.03561506197876788,-0.033708928226319115,-0.006155029277095296
1057,-0.021610898812415128,-0.030532941264608555,-0.014594063778319837,-0.01244841013537455,0.016899809276350448,-0.03245203716530962,0.010815430894576181,0.02186660312933989,-0.018113862025601328,0.017621163824866008,-0.012079592330957156,0.0008718374356036625,0.01973069864971528
1058,0.010780555609127936,-0.006819663061723955,-0.018606225162060192,0.03431659806514042,-0.05669924428075528,-0.03235557057828416,-0.01642569900049088,0.008176661600795337,-0.02095535575955967,-0.02158899580504439,-0.021958658346652473,-0.013295208767303194,0.0007459171354381936
1059,-0.010256858958502674,-0.02696945082096962,-0.0077292354793663,0.007554091154082789,0.014864473864216608,-0.010986150878675549,-0.023317716573041544,0.019708536526729745,0.012405291925805913,0.020610683526208273,-0.017913853000627637,0.01819038927105071,-0.011176265600550583
1060,0.015043995740863873,0.017096429344941072,-0.017447744362896693,0.024434513871653005,0.010788789366979018,-0.015697430804522253,-0.002284034761235431,0.037082774326546955,0.003994390995861022,0.01941547505681223,-0.02129185979163139,-0.017019405359294658,-0.014800000602188145
1061,-0.010634337788877684,-0.02167994605282021,0.029823081330117636,0.0231264221762469,0.0022175620357653453,-0.0014230017443212012,-0.0020486732466151385,0.02385689867933013,-0.010638062041997317,-0.010589063980771234,-0.013349294349832026,0.03376349825908933,0.019139973633297752
1062,0.006819188896178045,-0.026326197608033813,0.011065295395754357,0.00746713682452985,0.027006577171186815,0.032223609916077506,-0.023650345744812395,0.01223958744993633,-0.008751346897009887,0.00018133511451113126,-0.031289729374300274,0.0033514084510847604,-0.015065113285197008
1063,-0.03576267500730256,-0.006384462657203354,-0.010352414163160255,-0.02538642243525209,0.01791383200114453,0.06210710576643443,0.00422790647927195,0.017174157678200453,-0.0062540524885161515,0.015417861644452933,0.011006955390147444,-0.003595754540013253,-0.012671388115649896
1064,-0.023267095384907472,0.008832002268021189,-0.0006615696789253711,0.010589964652216798,0.04314131219828228,0.04457919881547147,-0.006736740692490308,0.004002417240392464,-0.01803471968438455,-0.021353168930032394,0.04305433898425608,0.031190724414675502,0.017074091062699647
1065,0.012476799920556579,-0.011314929434079628,0.012290731850973461,-0.010097025972045022,-0.00507540605492826,-0.013977430250825283,-0.011621407800937093,0.032413917273850956,-0.006015480184584072,-0.021553981780995518,0.03139859643356695,-0.004996395777195162,0.014119126026587303
1066,0.007705251528456693,0.024145857750600276,0.04161645776505931,0.006076741264540581,-0.0018171015538278365,0.025699187551057028,0.014450314695729051,0.020318697641884903,0.01153061024029611,0.06361940522625183,-0.021864873502763987,-0.022165860781298993,0.0046262358682436075
1067,-0.01462419775253506,-0.0012930099322591372,0.008625498226813414,-0.009843795951790255,0.022464913550835672,0.003502000039491169,-0.005606772934410981,0.02908802257859833,0.02201141437187871,-0.049311007386370564,0.0013947975133111212,-0.019081869922526685,-0.010943057899449455
1068,0.00405985694608632,-0.002180468248629728,0.008829201566826225,-0.010148294180745912,-0.0009205515274483248,-0.010760247164948306,-0.005710636608416443,0.02011592503309453,0.032380676898006555,-0.008711636188951538,-0.01640217674556847,-0.021831574688074236,0.011491965863034631
1069,-0.028593476272423674,-0.0032059152583829484,0.009517551053596616,-0.0048567356348422,-0.027296557568337165,0.011478571727062703,-0.004162014982252597,-0.007346936213014996,-0.0015486111415941002,-0.010489819829975457,-0.00671090576854779,0.0019732616400634927,-0.0100284688671379
1070,0.004984804925507923,-0.004228008777266824,-0.0018821733291011697,0.03217015443198301,-0.02672367731522631,-0.02402646083929811,-0.02364643815419014,0.04898828009363137,0.01673819635157683,-0.006217419118423277,0.01201298961445493,-0.0006556920379370122,0.011258681559409412
1071,-0.002493494723615485,0.03475365183729116,-0.014994680919229132,0.001208730087000391,0.009783657975476808,0.041708162581679344,-0.01436083997202931,0.009888170224934411,-0.016860960685418997,0.053922717478503565,0.005236143220173326,0.007886632161252178,0.026127114486215054
1072,-0.004740800203929904,0.03579249754645605,-0.03071432463557076,-0.0029592743606154355,-0.031122537291553284,0.029544846585996442,-0.007021491977565249,-0.021667810508665283,0.01634787621611981,-0.013735948052437733,0.004728011152062698,-0.035689595450159935,0.004593687423601325
1073,0.04454131406061803,-0.011761421178989635,-0.016248174622302415,0.0002514170205428248,-0.022238224996362563,0.010468618040791694,-0.011883031235584561,-0.017660492840997407,-0.022446087777770917,0.013616858054435332,-0.009539272983742622,0.009695037509904844,0.02615108685289056
1074,-0.001611017071138059,-0.02712926341809771,-0.01699382273089118,0.01182730432917279,-0.04622907857885025,0.02065294424408143,0.008886514492494932,-0.005753221900948905,-0.011157531461885223,0.014010539849448627,0.0003858187787610782,0.009617021687591243,0.016991281059986426
1075,0.038508054417313295,0.029410446174487806,0.0027375384465154573,-0.0252593206996726,-0.011261080357555684,0.01462930864461141,0.018628754563441968,-0.04279956934211821,-0.0007707474715730407,0.02312641949420702,0.015588608846387908,0.016774187845995357,0.01721624441653355
1076,0.017755959408118915,-0.04070978499551284,-0.0007017634574391685,0.02899674948672525,-0.018018466330296034,0.005571383016737775,0.009166618620898384,0.02128515665259164,-0.037191190309779805,0.029464076537809872,-0.0559119192515042,0.03228980248880357,0.027494089670331876
1077,0.002834111113834358,-0.015624068842669724,-0.011986718828391016,0.04209450080544033,0.02725682414483874,0.03582663143974593,-0.020411526620318643,0.0077777458282611255,-0.0330398453526461,0.013019367859161739,-0.02380240496150845,-0.0033369389945822783,-0.02666210913397159
1078,-0.005827679617398815,-0.025582587603799337,0.02651888484238591,0.004766345120782557,-0.015782397672627898,0.0037250064606947444,0.031775109102900184,-0.020350344662016566,-0.008019811853522426,-0.011652373072151308,1.9028561941302945e-07,0.013669619646425643,-0.009798471703224735
1079,0.020950145084299533,0.026426563620352547,-0.023207794338065486,0.015358345869135821,0.0022290786008164745,0.019590895035940022,0.026130265786339684,0.028066117976798602,0.005338825045148415,0.01170408097149948,-0.010299801146346665,0.00040372688763311927,-0.007602475259823041
1080,0.0026839617353684782,0.021782548081057087,-0.00540011449495783,-0.0065613950933048875,0.03352406324993678,0.03210187839695161,0.028024076047425003,0.003270120979992325,-0.02927825860518051,0.014185894279755432,0.002553603434070487,-0.015385535159344077,0.0075470010588833455
1081,-0.0241569935212384,0.02003627460174164,0.023657082793618778,-0.01133859927669404,-0.01788447192267218,-0.001451597517393715,0.006650033533157329,0.016181165102662032,-0.011084859336459646,0.004632150067480177,-0.027917993602823717,0.0002748121893015479,0.02297402449588466
1082,-0.014844227641559229,0.0030878881213925913,0.009491118151887598,0.004439257495822775,-0.016607160118733835,0.00655399844285922,-0.03979020781112271,0.0017288117186845789,0.03455144257116595,0.01471323705603664,0.019476382105663537,-0.007829340157169759,-0.00249016271611961
1083,0.014369752812149004,-0.017852362949581865,-0.0010210698006864354,-0.013104266787970116,-0.005265956728114906,0.02977989356728777,0.013641001626901897,-0.020071313682455783,0.008343937670693677,-0.002470739256984687,-0.002454548139938415,0.013992477964875481,-0.005609609601573005
1084,0.031070295289462355,0.02127203078363698,0.0011603094509900055,-0.028785153031651526,-0.029446174197208994,0.0053543819582887574,0.003392027753951625,-0.0017403776880167575,0.02043826049114737,-0.023506207950940338,-0.004745452551096443,0.015370648930312937,0.006074420859124863
1085,0.0071351248411289404,-0.0016758752921417182,0.010788677918411252,-0.008642633795742082,-0.028350587806705203,0.025563304130517554,-0.015043748422819001,-0.01326050922721759,0.022128319058146044,-0.012588069604800353,-0.007502966135835005,0.006742662836733698,-0.021714399647698564
1086,0.01090651292132539,-0.007909817854710918,0.008521306762988862,-0.008916028934553798,0.024354037540962735,0.012669003368123407,-0.027815232086694695,-0.0018088967098382769,0.02629261486469315,0.002326921895996905,-0.011018640676258967,0.03201192815022543,-0.006909968493905771
1087,-0.017348022233220056,0.018007714163314748,0.012103460254311036,-0.05540151032392368,0.01472231532469517,0.013781145689430938,0.0035667246525296365,0.014086856337747337,0.02530242808547661,-0.01575192432229395,0.02159397861427998,-0.020549183160935618,-0.021578096982256947
1088,-0.017359948231738163,0.007037721682001518,-0.0357727156973717,-0.009509987492317153,-0.0011680772346338475,0.03045649787530101,0.03089678830134156,0.011884555919999583,0.012736032327488333,-0.009326635670756304,-0.017810475651619244,0.024408164846644834,0.036701134503921116
1089,-0.020279862762580654,0.026569342237735667,-0.010926164609845176,-0.011583847906505972,0.01067779679961813,0.020070023888984604,0.03930694685965511,0.05911463887758804,0.021813921827982963,0.009342394814760888,-0.030730773227964154,-0.009308059099544958,-0.013711178862392884
1090,0.038391194984235315,0.021867352851143284,-0.00020751785095537057,0.018474541468472664,-0.01979305592101972,0.0672372691571678,0.027618026255209066,0.009832132716930139,0.0025796769757215,0.0267039292252141,-0.0006825949413114796,-0.023343508309918586,0.025536860623749966
1091,-0.009864676545080489,0.022607016085502377,-0.00042102309518213704,0.022151470743168367,0.015284875111541273,0.03140451073626059,0.019588787163893177,0.04039487106274646,0.03144115122590226,0.05218209574153344,-0.011224821340540007,-0.010800759191138253,0.001870742250126902
1092,0.005199279607338057,0.011789921175559078,0.04408593298348225,0.008417223503434434,-0.007636730703724048,0.04793336440259629,-0.026233057001427595,-0.0074578271254975344,0.007226374055254679,0.049718280868685495,0.01635826788073658,-0.03494416619407467,-0.004650021954555889
1093,-0.0016920546675910876,0.019165779520016187,0.027598169345423373,-0.008008555811504888,-0.012934311051064585,0.060387650872596836,-0.00686665146615076,-0.004468787991957976,0.0029585607825815623,0.047942013360344295,0.01336268957006349,-0.03726316479998082,-0.0005886366420628289
1094,-0.048170567250816365,-0.005837991680126011,-0.01682061089973859,0.010121544362226703,0.005445713781445026,0.015652684761054567,0.009222792624478109,0.009806849847221782,0.023105496698934126,0.05000378728536033,0.009188367427174002,-0.007106564154433104,0.019875948332005056
1095,-0.017089564670374407,-0.008817362175936263,-0.022493482987629168,-0.009441895842878658,0.04419102643977104,0.006078374042718548,0.020345866069664008,0.02022420467101255,0.02616906549998763,0.029466181315255295,0.005641441562291911,0.00876238762363665,0.030007600423730747
1096,-0.023836652626076982,0.008297876514426702,-0.021329217776707907,-0.009113603084659258,0.0044478125545926945,0.005435612364275657,0.025817225790912567,-0.018020194060506898,0.034055094211888,0.03134198547861659,0.021465080070426808,0.01160532926131004,0.004054586650408376
1097,0.008251461000380076,0.006227279381145037,-0.0012562082064476732,0.004126866655414381,0.004665832831463722,0.005724643195416287,0.00016785417616087955,-0.011658064110203231,-0.02567913548112812,0.005107461700002019,0.009819469435466943,0.051754596095005365,-0.011797322669117693
1098,-0.002017469378393789,0.03253002294724572,0.02432059874352573,0.01407621469975533,-0.004036521731566298,0.021277669215750212,0.013767623797283066,-0.024903943509105565,0.0004275069714552598,0.03157610741594647,0.016670802403251462,-0.024312027419388173,-0.0296044041202381
1099,-0.017263020317031502,0.024754724597733813,0.005211373458230311,-0.022593700460783805,-0.019095427840585946,0.03722345238493169,0.03120317700481555,-0.02565664153904255,-0.009513350588961142,0.042668591237094655,0.009810691398643283,0.014259784700342242,-0.04010382276698509
1100,-0.016808960584105706,0.026928333564322823,-0.014900429714976657,-0.001140018003172216,-0.04596568281608976,-0.01959469370074747,0.017959639128490024,0.011756798806677252,0.02718661623572739,-0.001279133875288245,-0.014184630393592119,0.026920488352934095,0.002941315968509361
1101,0.0017700605572283873,0.002813484296978432,-0.009421996351506336,0.029788138139957097,-0.02208888857203928,-0.018626160151280692,0.016541941990615452,-0.003584689459867144,-0.0025360121974578073,0.015298093402618946,0.017358099444540268,0.022082375562717964,0.015970026921080106
1102,-0.011980731961059391,-0.025032476172279494,0.000917781607560289,0.008225995151842951,-0.012346251583092212,-0.010766734954153003,0.02040774798309844,-0.018865793046802352,-0.025653797938365634,-0.003575305657438221,0.004451103012688654,-0.017155695891413143,-0.03269922218011142
1103,0.05163826218188869,-0.010004715363285467,0.028551061556146916,-0.004784469104076893,0.033950630487109,0.026607054822878715,0.029309776706455702,-0.017287475591050646,-0.019370364685658673,0.0071679176645285435,0.03667412955894308,0.01307167591887219,-0.04327486286109923
1104,-0.02293439137379589,-0.005785265099503969,-0.021558541891732955,0.008180485698479161,0.026210636022056453,-0.021912517512668015,0.002231103486369812,-0.034173436729667855,-0.0007997565750315665,-0.0023128615063150535,-0.0023226129422084553,0.01135099911517751,0.016637935931542423
1105,0.006508749413436627,0.039125106001066036,0.004645145154001972,-0.005619235708188724,0.0040526437577474705,0.053215532650363565,-0.003343637703879397,-0.030845642745202923,-0.048963451790279146,0.06501412049825127,-0.0033820724693638246,-0.016400729450442558,0.015259513709298872
1106,-0.019945798077984314,0.02952846765932056,-0.011100153605776137,-0.017741961445547447,-0.002362975083434942,0.023860876905502655,-0.024224738094631,-0.06778439380642885,0.031090445797441996,0.039381144873173096,-0.011273832926302981,-0.016646654956238745,0.005337962780870257
1107,-0.020772379440016035,-0.004561115592410318,0.012537504594908197,-0.015542824943253927,0.011514455794509389,0.017549139205791698,-0.022577831222144507,-0.030497138333012232,0.035918994672402026,0.020366694617381678,0.013652924880655115,-0.029024843249115015,-0.0029397806823954426
1108,0.024044156690053883,-0.04872660503451501,0.01702986340862214,-0.019492433813377896,0.0072337045866620485,-0.03078867527496083,-0.023579407372452548,0.0012753709608652743,0.013369309046798075,-0.008454150614258249,0.019671315003379496,0.01574517332489613,-0.0014049901904979963
1109,0.0023690006331483294,-0.0007231969346375313,0.001639937119384519,0.002318960886519018,0.015563832580343844,-0.00297658576931625,0.02829099260068751,0.02426267083885419,0.0068624812049931415,0.004079050326489343,-0.00982141997607018,0.009082558280662038,0.009074247909677154
1110,0.0009114201025059829,-0.03661258091770939,-0.00915940365980692,0.021009967120925222,0.013474398947088769,-0.02849610492504427,-0.01989170042023825,-0.00028528288504877763,0.00954073815558657,-0.018576919485348065,-0.031284908887461764,-0.005340459972384142,-0.005931756906310879
1111,0.0032820758722159017,-0.035361530311167004,0.013198156686217271,0.021718592154826313,-0.0004523600670880564,-0.002712520398870481,0.0006576122492574067,0.005081560144677413,-0.031860785057296705,-0.02639069533211095,-0.017690986536981288,0.0008423397652550958,0.018188667658247722
1112,-0.024451753206527378,-0.0007968430364937645,0.020325342339839073,-0.0051055606434682365,-0.022002628006120222,-0.011687485629558032,-0.018866950557765123,0.062414511797773846,-0.011592408763979165,0.0010460089633554728,-0.0024790687158650925,-0.005299382071380573,0.006573013697546213
1113,0.004322501414205398,-0.01782066043241896,0.02361609113210814,0.00625589142151479,-0.03311916671010947,-0.02592211621686269,0.021828048341492993,0.005074821424047718,-0.01815595015282614,-0.008217527661542953,-0.0008780270863583919,-0.0030679209287415702,-0.03801710579491493
1114,0.00457519593121329,-0.04033201985691748,0.01435670912575382,0.03872670752912619,-0.0064183602765188075,-0.009676653269347153,-0.04204028079534344,-0.0035173920924012766,-0.045095025450811656,-0.00799936598228319,-0.0349522006441498,0.013141369754732148,-0.004269069395258804
1115,0.007627542347010933,0.02067513754010755,0.010080937096587113,0.010069047345587698,0.01605514006785396,-0.00551503221014821,-0.034119037903311694,-0.03521489540650087,0.04347558367221686,0.020764620751355413,0.015470126298228097,0.025492994263098402,-0.009424842151322853
1116,0.005396347836026339,0.0037771915001576072,0.006981559002373191,-0.012975482835511748,0.012296008723515318,-0.00876169186952413,-0.025292292627759793,-0.013702316276786163,-0.0005622010655175365,0.016327505694496907,-0.002377363737237098,0.015179742881296776,0.014847179282941202
1117,-0.019340545545753006,0.013195122227170758,-0.017121204361825407,0.02636577926821184,0.0015292327455201245,0.04376990437945132,0.002320424465464115,-0.01871656018672919,-0.003889305456224108,0.04799466962023671,0.000377969999613709,0.016691151870688342,0.046405996255265904
1118,-0.01737838772395958,0.027226192068283923,-0.014235216612126808,0.003015109758010958,0.009976863612534899,-0.007676223645858407,0.035101763678923974,0.009252563360683481,-0.0018249581019697328,0.030827910653432253,0.0053921946068210425,0.03263010662398338,0.022102185489777222
1119,-0.03311618238190024,-0.0006514002124570409,-0.034770010997156285,0.01915326663286688,-0.021835881948871164,-0.010427493734616678,0.017728122766877123,-0.020157889767307247,0.011125529902355815,-0.007146454862039707,0.004077183783717907,-0.00848504057139287,0.01958599944739597
1120,0.004253206450188851,0.0059839119719512735,-0.010458188626608847,0.01544471263336463,-0.027543927580290152,-0.007004481883926847,0.027150016516024472,-0.03251632960334649,-0.034908974078210246,0.029700925031730427,0.007998489782851963,-0.02699692482455296,-0.011912063952087715
1121,0.00712853492465622,-0.01698684853898619,0.02021248622454101,-0.027395467908001188,-0.0008923988381330005,-0.047915867323378984,0.005048201696875283,0.012597989408176469,0.0037695221268364706,-0.00153787717268392,0.008639546633974442,0.005969797355469567,-0.0038166256542929325
1122,0.009854842048201416,0.04609465412753531,0.0008517106887895224,-0.02482713428428649,-0.010553831968369282,0.01846836668836081,-0.0001233559804504045,-0.004080748263091862,0.007794149001080712,0.0024945325883078693,-0.03020522749533584,-0.03428628148245987,0.01866411313232956
1123,0.005876145869428161,0.011594108924565945,0.003771046271850088,0.038315286749491424,0.01970894165717621,-0.015221186856435887,0.03820906100758543,0.006794542513889912,-0.016007033705251836,0.014753482508339685,-0.021144357755340903,-0.0025576617797157934,-0.015415673579093772
1124,0.017884166185367027,0.0057153201604370416,0.030449247981915332,0.010714320437162809,0.02069244080426427,0.009479290050019799,-0.011896626816910191,0.02570308259900702,0.04557318560543704,0.017936423327483526,0.0280366234513639,0.02922973338723008,0.015261463923466737
1125,-0.020918679696052087,0.004566570473585531,-0.03362026353885084,0.04158597898362071,0.00068185929076387,-0.008425282705049516,0.023656157692616357,-0.005831143678873803,0.014869904065554421,-0.008928061731054215,0.0003391821124999031,0.018425146752442858,-0.011440729601624502
1126,0.006422578726570557,0.006403335405799561,-0.02040735958273938,0.015888318231680087,0.00582196499088884,0.009536294477507984,0.012937200609034616,-0.008909705657033338,0.00482602028990909,0.0021815634478331296,-0.02727085846583691,0.0076362291020747024,-0.006093806702114259
1127,0.008346308830048136,0.03000412491096502,0.010205776828656655,0.026126242113484334,0.016938779548068876,0.012637385949222502,-0.04193400172127013,-0.013010846138429125,-0.009409739504823177,0.023384741939768822,0.04399986490614613,-0.006358546706382239,0.012019011734591172
1128,-0.00966661077998748,0.01003183385093431,-0.0025815726265506988,0.028509893441261043,0.0026054217062777534,-0.006734228010628809,-0.021878879251267074,0.02453171606667073,-0.01180365041664657,0.008492276737363871,0.016857822683653028,-0.007830966252945094,-0.0018733100140665875
1129,-0.015758943702854102,-0.0159834521703906,0.0026930338780904906,0.013278702145828783,-0.04619245950873081,-0.0006343923258169045,-0.018216829793019175,0.0076948073818083745,0.016786002200862158,-0.006202344779033974,0.0023788454993215846,-0.018744352310600176,0.03408010596770081
1130,0.017173263033413468,-0.006193437359656893,0.04032015786151883,0.022697021448461953,-0.0023420493749249827,0.03023890020771616,-0.008838428673668849,0.009487539382841062,-0.03317021747193465,-0.0017976230222033385,-0.006456875088755467,0.007452586807129522,-0.002742090271869071
1131,-0.025386886239091723,0.01942335968504715,0.019900896261670274,0.014690057153552493,0.038341682950684075,-0.007244381207673472,-0.0283309551113282,0.014827326388918795,0.025435507522944257,0.001971546652312505,-0.0066611395982440645,0.004879085922295809,-0.028942555929179038
1132,0.01669056287044053,0.008029626830729173,0.007344977470539399,-0.002428823293985869,-0.0027530344220669557,-0.019016535736063243,0.008638896188809118,-0.02201239246983716,0.00375140763947834,0.012759466685809259,-0.00417297066513788,-0.007360294932106914,-0.02559543707996225
1133,0.021546773953891363,0.008165431793200556,0.02517903844622475,-0.01199715384687922,-0.004358029384216781,0.024609003921324417,0.01939767907757809,0.007226401902764298,-0.03190221300380474,0.015667867049510682,-0.004544967090758564,0.018932258671045893,-0.014672148052008399
1134,-0.012300435869540376,0.003177335728011601,-0.00615388422024475,-0.007448875762053224,-0.006621501593029742,0.0012227860656674867,0.021184319547225633,0.018433568350308353,0.004960620622368653,0.02749807323342728,-0.015676890507914588,0.017116934790874453,-0.006007688294051433
1135,-0.02431703157051936,-0.02314007352344885,0.00759666178534559,0.0031914909051751605,0.007471633864712459,0.03158927083236162,0.014869964084433012,0.03253727851455434,-0.025539701329314938,0.013824248145686866,0.01486886696522771,-0.0050201584680677576,0.005119467833260252
1136,-0.028301601433156406,-0.03062760801834335,-0.0329004271672641,-0.019068046836807222,0.027146556893763062,0.003335660088986268,-0.005480514051236302,-0.01599783846227991,0.010543935762486984,-0.017033290461341243,0.013674822716722913,0.028160785782617225,0.04676529944268349
1137,0.03417713878371608,0.019022126844117956,-0.01488450498598106,-0.02322946703515388,0.023028977364150358,0.006303251702164777,0.0205753478638358,-0.014823537910326867,0.020667503212187525,0.010853189439362804,-0.0027594772661402468,-0.01737750594816665,0.030238971686977745
1138,0.009839219776489062,0.004280314003123232,-0.010408318637554767,-0.012498676866662445,0.0078477055110525,0.017846567120901106,0.003262008987720388,-0.0022657229060231696,0.016891497996390132,-0.013737862125416505,-0.011437852659534798,-0.006929440968423504,-0.03324238857089592
1139,0.005473470313492862,-0.009101501523783086,-0.004273691877292666,-0.007082821195124569,0.0056194949042220185,0.014195404880773761,-0.01725320987041526,-0.03376881606793855,0.03894962194506344,0.0161299414448392,-0.017697669811958743,0.0028798032160703853,0.028125943677161282
1140,-0.0031395777659055974,0.005074209414573743,0.01348549659797457,-0.005254870961226766,-0.009801069310437945,-0.009509007820537225,-0.007476659981991916,-0.01799274194779617,0.008222200122534579,-0.018037124475584008,-0.018527693417223295,-0.0007797155769106498,-0.0057494372906847085
1141,0.015529161437287525,0.010422334595102703,0.014176525745583141,-0.015997594665345782,0.010878029165114782,0.019641346481294154,-0.019172143973578346,0.0036855559857180936,0.01568509575014171,0.05503041358973554,0.0008829168919418381,0.015326558229985427,0.04703353462291872
1142,0.0069468875740041946,0.005038141955174243,-0.008650776030920602,-0.028995756279914294,-0.0073506695459359,0.014912566760431874,0.02595883107180152,-0.020101193143469878,0.004038154661995059,0.027015259891460794,0.014296261985906843,0.03633449166385503,0.029639877109156554
1143,0.036137916709934145,0.012469831665783897,-0.01853154794866713,-0.0039490730888777185,0.0037762338381419763,0.0442846951769784,-0.0050688277315531416,-0.0013616391557022762,-0.021912990021389068,0.03843022558812657,0.02533793981674692,0.04084906832952246,0.032359602349183184
1144,-0.006515219046064459,0.03988493339202566,-0.011665136438711955,-0.0018192884641065538,-0.002666057845608154,0.06055380685297883,0.018472217093634488,0.007637637939864281,0.03605581960183415,0.04785714886768493,0.01875832154899812,0.030202229799512727,0.05539224572540899
1145,-0.01672353651394301,0.018129110900894793,-0.0119620051141213,0.0009158485869151894,0.005650304104082942,0.023854017835842616,0.009231817426868016,-0.011000231723475805,-0.00701496217072924,0.009829356721828938,-0.021710462016883682,-0.013522676609016255,0.009763451542057995
1146,0.023373219391482337,0.009087692952795882,-0.004462091127886546,-0.010251231109524302,-0.03245052657724732,0.022703938676639564,-0.007521914148465662,-0.03971385037917315,-0.015857117409141502,0.044668155212115854,0.018645357398710313,0.001934114972252061,0.012573590054243527
1147,0.01748295705437086,-0.030920529458659023,0.019191078215000754,-0.0010088139603160705,-0.014461588080392754,0.009548419430239123,0.00807765736841591,0.00011215823641352754,0.04929990046238786,-0.014341048707380585,-0.03236081170342055,0.008656388748666177,-0.033222072282326987
1148,0.02915596612966197,-0.008081713492814441,0.0024089291739596186,0.009641267994423856,-0.004766024607336251,0.006149886476229341,0.0001753004042869602,-0.024210047082957476,0.0410553393085287,0.030777714781374563,-0.010398692014231894,0.017279435314292997,0.022946430148439348
1149,0.008919345137562245,0.021028419834788457,0.015213126465522331,-0.040284985442873164,0.009185963736666693,-0.004240540957037528,0.0034350040313297077,-0.042669268240410244,0.015764148500509428,0.017210283147832014,-0.016592964456345564,0.028329931726276507,-0.006642667542035283
1150,0.0052556820354921615,-0.013810635394019635,0.008079911697321647,0.005138752105190591,0.006013115785298691,-0.024532693868621544,0.03330598134212789,-0.024188177115089284,0.024188636268007314,-0.057428006106112324,0.007460753573670703,0.005990365591317513,-0.042402085829127474
1151,-0.026049118218024848,-0.04382653790350944,-0.002532395698978166,0.011627454847030134,0.007935362811372233,-0.028491334782569645,-0.008047897153370969,-0.02984172485297485,0.030155465830788385,0.026133792564909167,0.02665896281392818,0.05749330076612105,0.00907347020051323
1152,0.004099821329898839,-0.013453585086163731,-0.017862258456842934,-0.02248486418349595,0.010204788696364759,0.010771982597278101,-0.004460204770767575,-0.015543676190914492,0.035029764709062806,0.0045432943087475326,-0.033387122928091734,0.012629522896905011,-0.038943016226359164
1153,0.015437015512587386,-0.003532758033159102,0.0021009396393570387,0.007561038578906348,-0.04027734266795033,-0.02220803525697437,-0.023673727737878306,-0.020660959442716204,0.02721788407099494,-0.013242092198653452,-0.008581646069611676,0.036955060087630005,0.034625631161525255
1154,0.01600111117213328,0.025813268807022692,-0.015091655011152665,-0.020435845700200163,-0.004838193961073082,0.018315584057285318,-0.01863154681941052,0.0044267889151514885,0.025705590970408424,0.022558526719662332,-0.010557507601458531,-0.009836860732359395,0.0259224653850477
1155,0.01067170277965099,0.01964961550624088,0.0065579912689315975,-0.016964145352124038,-0.005824730492582216,0.0005659357971548658,0.02870411355721182,-0.007419167629560605,-0.011381437431437097,0.028517122220797216,-0.026721840447623574,-0.02903404241431934,0.019967282781850625
1156,-0.021602600022549413,0.03318235216265161,-0.009165470497231194,-0.021740472234919584,0.002013908749101575,-0.00600788823582149,-0.00915528588491785,-0.01638512839030866,-0.040971648957851395,-0.004348464436945464,-0.011186548076467864,-0.012844012460187725,0.009967012937083368
1157,-0.008156196254578888,0.030376166449156125,-0.003163586424501505,0.002730784036051051,0.023351867994429176,0.045788050427716394,0.004998593597477333,-0.015535360930297684,0.005866031990130938,0.026809167544173944,0.02614583009852676,0.00983748048429423,0.003018072113828034
1158,-0.03353388245530259,0.002369436893821127,-0.005165636705609303,-0.005843590029951403,0.03723653782562291,0.01526096948331368,-0.00018151973503060295,-0.0038149940814611897,-0.00950616726165852,0.03600005421842932,-0.005951507816454291,-0.0021839808288651947,-0.017806258473137368
1159,-0.03959215763741444,-0.00691794682838498,-0.026985221724786096,-0.048552787398137565,0.020976164254224203,-0.015555966833409476,0.020595461716988048,0.0037024634220441457,-0.005071636379921153,0.01662369976661309,-0.018338309188599407,-0.0031799785013273143,-0.004549045805171046
1160,-0.006800830682536474,-0.005623413902473952,-0.015782463407060347,-0.011878489571243335,-0.023076372190521922,0.0022989368986762724,0.011079368906947084,0.02246457056024581,-0.0066781275831585725,-0.008388549932892526,-0.013875170675356091,0.013187936622905232,0.010839253579496734
1161,-0.014545142209796889,0.021960582804758974,0.0049540616819118526,-0.02560484058643199,-0.02137493509581009,0.016840439894635285,-0.009185155255731542,-0.0039693620285304,0.010777731989726593,0.05764519223357897,-0.0036579924006259926,-0.01466951057977464,-0.00010765788422737952
1162,-0.018247889608664927,0.0323693207928066,-0.02064497796108519,-0.015454154449718567,-0.011486363906493505,-0.018199774227857644,-0.029399684636031445,0.0018365843675672935,-0.011944711211001388,0.0009122630365820959,-0.03179965470814355,-0.03741803568616156,-0.009982749471203188
1163,0.0182544772750376,-0.0056673472129259795,0.042018645352581395,0.04168073925702572,-0.03321120204049855,0.00927346310421731,0.00924469390425563,-0.03999472095922714,-0.008854135968170316,-0.0014918142018333443,-0.028616537678822638,-0.006495720848622193,-0.0008658257677039816
1164,-0.049875031758764954,0.007510465074330338,0.02346137102301615,0.027610958769313854,-0.06029850377309427,-0.012722650784076854,-0.021739648917082667,-0.006101038026929674,-0.021693380871901223,0.02477451532948801,-0.01924453277541263,-0.012231102200906561,0.021025741021340204
1165,0.010094749431826281,-0.013336957696798147,0.02273447857651173,0.017085725613162402,-0.008548941490067869,-0.018474533252465907,-0.0015943328717012868,-0.020282729399996435,0.01889678415750487,-0.01308230735169731,-0.014848587195796344,-0.025803366657623977,-0.010528308399710133
1166,0.017425586414206357,0.010165912899119028,0.04524996376034406,0.011785616839930117,0.021745710466247722,-0.03898199236296616,0.01022785197491711,0.010057744584038103,0.023018291709780814,0.016366899582702137,-0.010665742540020557,-0.015633037807263463,0.016027344637539694
1167,-0.0273429371382889,0.0063743740086459905,-0.0289210096214716,1.8675560307245445e-05,-0.04583592949906971,0.01026436206061176,0.024236253598951117,0.005948316532573539,-0.02323960820063827,0.0066597374363977346,-0.00044922278486631445,0.008194521378636061,-0.01875340565051468
1168,0.01367981330094519,0.003241944276159761,-0.0038351969039403582,0.015942665315085126,-0.008482682441567562,0.019083763544526042,-0.001650825558183128,0.005632326413376732,-0.047204132670213644,0.02146008461066206,0.004415074602633836,0.013074636442476145,0.031092498050761776
1169,-0.011152057670100055,0.00794292919766654,0.011528492762320895,0.031055657865194874,-0.020040711570056994,0.021463727438012854,0.02064088058542406,-0.0180053538569671,-0.05709791084790926,0.002180861332357726,-0.03230198160144137,0.024379209664320885,-0.01413306269790452
1170,-0.02608261531833323,0.04317504683986323,0.0034254350781699047,-0.02516948255472565,-0.030842249161038046,-0.007017480135613993,-0.008655309265122755,-0.0017980132228811753,-0.007182992106179282,-0.0038398174025619214,-0.014316532521194041,-0.023936424680664484,-0.005945454210433289
1171,-0.011089110432896907,0.014433262821388584,0.002901405809310067,-0.005862065770555279,-0.023993731183207016,-0.0006292335569531795,0.008389349223667188,0.013331715541278063,0.01485690280144526,0.009975981881588184,-0.02503011426928645,0.022534007322400667,0.018009284311288978
1172,-0.022275527381646204,0.03536250920507425,0.025084562770219955,-0.0065909155857482625,-0.041327522714934666,0.0074565167135287715,-0.0146172814218478,-0.003942399688982958,0.03011310946917198,0.02217067196540776,0.009013935127058554,-0.026309522562504697,0.021504358673944884
1173,0.0359169532717363,-0.020948367923571996,0.008913551601629193,0.018792845051866937,-0.005845838946083614,-0.022573476848727066,0.004037784987836409,-0.039250695906829274,-0.007365315398335728,0.009240998309135837,-0.0006924869849061492,0.021498806011103867,-0.025326893990988964
1174,0.022335204801553415,-0.007385095093330478,-0.02222208132442867,-0.028497971440662156,-0.060022644517181784,-0.03552313301316979,0.0013241063193137148,-0.028398678295698372,0.01708384761933087,-0.032639508620617326,0.02684866366005735,-0.025906394246867706,-0.047624022473730404
1175,-0.01680293578597337,-0.028065362118483254,-0.01810691366000984,-0.01540964601729074,-0.009101102887976067,-0.06322889274183262,-0.035276936067558995,0.034178671210787305,-0.003628319336455714,-0.05466605446458564,0.049787415402045884,0.05000752880879299,-0.009940679813648538
1176,0.022062577450160745,-0.0020229478607962145,-0.009639123884018904,-0.030651578314894016,0.02275660566445441,-0.02933995100777854,-0.0022984314279206105,0.03042061747393858,0.009308420918701495,-0.017148281910227305,-0.014711082744932508,-0.025155849050929872,-0.029552049849675868
1177,-0.025641600333620573,0.03934495714301993,0.008203734189993653,-0.010752752815285151,-0.020652027707883328,-0.013756823019976352,-0.006529673922038276,0.05721893651188684,0.018493011319695475,0.027114011782132713,0.010376273358576767,-0.02121900768949524,-0.04764713573362169
1178,-0.04712775363216556,0.02045669316508885,-0.0098078320153009,-0.03088891336516319,0.0043662279088727395,-0.009354576281613017,-0.03125714781638209,0.007307154812296084,0.016848976593284205,0.03548359136872489,-0.002356176173567967,0.032871736711280686,-0.025121667194382254
1179,0.03426712403589033,0.04122502692864292,-0.0015376340462285995,0.001806650994486509,-0.015510015507015949,0.03078505429123646,-0.0037844623194931795,0.010237955433939152,0.004557811393784769,0.04316347660547384,0.014160859672469522,0.007466402323219539,-0.015692866947129607
1180,-0.0009375567576873367,0.026698652448721993,-0.02039311767583281,-0.022743573661872955,-0.030374622410643152,0.029041831971363254,-0.024462374756831478,-0.0367846764967092,-0.032136908660787215,0.0031281981779318216,0.03290301367979018,-0.008081656336924599,-0.02027783793587483
1181,-0.00012660296222235056,0.01418335978445783,0.025334616004193358,0.0015510226199761815,-0.03571689462743344,0.039824166636401565,0.005059253456042571,0.0032667048910480887,-0.009554212644406462,0.022442318222845703,0.007635958174048638,0.01595057025465172,0.023740663034901223
1182,0.01032092344219495,0.047783815180213775,0.00717593513670508,0.022410842959736707,0.003385242160038797,-0.005559945624636877,-0.009929268055996747,-0.009395421515206769,-0.01571861443005686,-0.004671715222123712,-0.022092464765067314,-0.007928577466837661,-0.008453593504644788
1183,0.01730974869167284,0.0009115437577509213,0.0360992310026745,0.03829246138702021,0.013398409729795094,0.000321414947827361,0.027935452293445462,-0.00445572984448324,0.03495963185785388,-0.023990253752772778,-0.0011633097716550508,-0.011302546996393418,0.03329255268905366
1184,-0.054972948537066586,0.023553428606897315,0.05585244627749484,-0.006884567117289293,0.012318622180820431,-0.01018569158567667,0.005568065839880426,0.03672821093268571,-0.008940707069710258,-0.03636658875094323,-0.002738631487841466,-0.004507587628862074,0.02311838426183985
1185,0.02422257158813107,0.013824131105740423,-0.008843320312268926,0.02789092005172322,-0.012392927974342924,0.01552714008622976,0.00153887168264818,-0.005992476719685934,-0.029086611203153975,0.001068809105706003,0.03978118815252976,-6.675034705143411e-05,0.03380510719875209
1186,0.0097645203396537,0.031056016753229988,-0.010520540871097245,0.01717130684148898,-0.054437939308761306,0.017678470231933283,0.008976187644781784,-0.0038187237784828004,-0.02564371132946359,0.0037676640576850733,0.00523578234329797,0.01651759479360322,0.04100919309296807
1187,0.0012909035524812016,-0.00521755263451515,-0.0014992695660187199,0.004344707691249351,0.002476219614266979,-0.03645020985509849,-0.014839112582028038,0.046176307105975214,0.01588513484676554,-0.046089940522341,-0.012438221615256173,-0.00013085928500781505,0.008518622366677494
1188,-0.0002527801011686136,-0.027749011743509796,-0.0040926687302680525,0.02527831121262543,-0.012299514802161337,0.012403100696198205,0.008599349931930069,0.007119159160927825,0.01576380831069107,-0.023315788930428228,-0.02994291874844645,-0.028824794008254096,-0.033046750220987055
1189,0.008738881389979624,-0.03376891351652736,-0.022971031469600264,0.030941027704124824,-0.013226739645979856,0.009739093797567294,0.0015071761114523916,0.02114955963911747,-0.002007709298961168,-0.013928344726413008,0.004873624418129823,-0.00822389330185823,-0.03478962956403712
1190,-0.0003318478425544786,-0.028621186079391146,-8.506309673183537e-05,0.032333575008056704,-4.257853692389917e-05,0.013573187167311896,0.018861772941291804,0.016639599857943516,-0.0011329786196389094,0.03607120845627929,0.007445974369304845,0.010254894324514506,-0.019107482625443893
1191,0.017780689846453777,-0.002896933927916924,-0.018433088376825175,0.010611788233114637,0.026384281068162506,0.019021407748277135,-0.010318037625197174,-0.007182192906747679,0.02587697661337679,0.037346564039738815,0.04223749132599439,-0.010704858514444988,0.008879351801103405
1192,0.0228642425338108,-0.00277145518302971,-0.020071465138821916,-0.0026080954918890234,0.015344175176013521,0.0284162930576756,0.02848813598567239,-0.012301441565234555,-0.05476388180659776,-0.009689132720522574,0.0013462691311910133,0.029526362995892754,-0.0038357524039186247
1193,0.0032648460599631578,0.026856235720036103,0.018419303636262048,0.01455000796566962,0.005423554842641999,0.0015277853242804,0.016258797776098104,0.028778766382279167,0.03420905279392138,0.039710472293906944,-0.018838947512568316,-0.024180797041616072,-0.02130473137616521
1194,-0.01567722961694453,0.01971916603150109,0.04198589300522476,0.02583866210011385,0.017157208704726288,-0.0048220726593329365,0.011488002711524954,-0.0011361035551184415,0.014994761483506867,-0.008908671343821551,0.005873101574843089,-0.0193068023842248,-0.02810367208364218
1195,-0.009162445079613219,0.010750951370235316,0.03441203377336049,-0.037934654776448355,0.018923765426697325,0.04555517990433171,-0.012583094053201044,-0.04399659192957549,-0.009132440942883185,0.014031183410722762,0.028410494711894975,-0.003589555541195588,-0.018538053365892336
1196,0.024559829730865988,0.003854394544772946,0.024695949394558804,-0.027761793374508778,-0.006013701117086638,0.023929327143179312,0.005129370324693228,-0.033102750154867966,0.012073245583463527,0.005684489088915255,0.04017079722796571,-0.029161896892271996,-0.02842883485265607
1197,-0.004857121503243909,-0.0033877331092760535,0.036463163482150875,-0.0046936574293149885,0.01874872643612373,-0.01735633178224033,-0.008623130452032801,-0.013662500156649814,0.013962320786824049,-0.017623716136561163,0.016283328383925235,0.0065238651880787195,0.019926923353768024
1198,0.018361823982527732,-0.0062848608735974,0.024273817803717,-0.011378519637093267,0.016087954294101453,-0.016050997643095744,0.012877138089494243,-0.01320428662234071,-0.0010242965997318094,0.021926915025853123,0.019993480058202572,-0.012986819705760001,0.01905558186407593
1199,-0.0067694608805669194,0.04600072866557295,0.020106628153375723,0.0036646236145923454,-0.0025256676546199937,-0.00452231473066251,-0.006513160585381023,0.02377094692676936,-0.01342430635566779,0.006035411360946341,-0.030701154160613704,-0.013642426057135414,-0.009358783641034837
1200,-0.0183582988143781,0.026905510994833348,0.06382858769984072,-0.019285540279267828,0.012522347245643339,-0.015034898594835864,-0.033264723906528605,0.034504777376980794,-0.021739693043492537,-0.005290889188320082,-0.01723103740195098,-0.02579831192320119,-0.006518596517805404
1201,0.029829421399355953,0.01744386724319637,0.01884291180211725,-0.02013767677505096,0.024787748487694813,-0.033076429307525954,-0.015476803484122273,0.05191031497174035,-0.05920621629130059,-0.017962442589190733,0.005494114248824788,-0.020663871575828788,0.039685900936188394
1202,-0.005233615202138136,-0.007742263040873148,0.013312285038608441,0.010957322339438354,0.014189108402630777,-0.025364043869290597,0.006381603686341767,-0.00473935821273678,-0.008468221416874427,-0.006332842043543579,-0.018399478088796186,-0.007750199840991979,-0.01764345715796779
1203,0.0017397879402658906,-0.00786662459603407,0.018924931416596767,0.014319856175197052,0.004860339727667178,0.011244490402468778,0.005183130286369219,0.007624783017429892,-0.004543822394073704,0.016286098578170375,-0.004817112525915382,-0.011684520974050965,-0.0019111854977465407
1204,0.028051773146634065,-0.0019787685859136007,0.020458643832347106,-0.013353346197824974,0.04843343982752678,0.0044773404081563445,-0.014769501451027648,0.024236343241257452,-0.03431240419639014,0.018822416942790056,0.001173055488019889,0.011156923873349715,0.02190688086497463
1205,0.0009763446672700118,-0.026471405818416255,0.016290123451049708,-0.021170734516274593,-0.010348728296801715,-0.014570343653876112,-0.004231902104469884,-0.0017440164779425468,-0.025280969637369533,-0.022719856358408105,0.018519551674724563,-0.027848555913138114,-0.021546819631041512
1206,0.0276035429397467,0.012257306967542817,-0.010342645185766455,0.0015633955401773735,0.018106949774200316,0.01793095137484161,0.0005980423302530222,0.029668932715826227,-0.0034925244824592343,-0.0014981534184400703,0.008073532992461684,-0.011504188148174293,-0.022161899826107046
1207,-0.011478640647360833,0.013162356088244549,-0.0009145676560633264,-0.023889708550341296,-0.0016269702851575047,0.03564946813207625,-0.0017910557732935626,0.02932604016998402,-0.01235112106188208,0.027793683143490035,-0.008988469654299891,-0.05842815853303038,-0.030484122097121036
1208,0.008299985205369296,0.001617203058760713,-0.013388489377963147,-0.0032950855818932165,0.01038545524367236,0.03478847082309099,0.012515553867178734,-0.002792766572321947,0.004597412259234447,0.013702502977621602,0.00303171895164691,-0.03368776372516848,0.006778718586291555
1209,0.029571830103934944,0.021052888379114447,0.011626926351233555,-0.008456639025424843,0.045246788865761486,0.016345656881558538,-0.014864909375798244,0.05298315867700869,0.009013107680863866,0.024271882003842414,-0.01691453200068043,-0.005405508042649738,-0.03928982902710376
1210,-0.028988962279681795,-0.022510360292058707,0.028644600630591044,0.02435740975347,-0.027230610232305438,0.019054504692321363,-0.02880608683262675,0.023562654607664834,0.008032568775381768,0.0008146113850443179,0.0002017335673890382,-0.012384143185474341,-0.017910931965708324
1211,0.04045697611178185,-0.026441747008308807,0.0015071032722600794,-0.021735040117873982,0.002208467167385586,-0.011783029282141623,-0.0199450700861955,0.009377332963511953,0.006980414065813255,-0.015960745551632006,-0.006447814114066456,0.021477618899743773,-0.009427217612849639
1212,-0.00289686479868755,-0.017092303679321307,-0.01063359720165306,0.0144752012490894,0.008208187314048683,0.005487116699848489,-0.016947812920930796,0.013283320625122897,0.010678342547143994,-0.010025197210665273,0.015452936683684903,0.011492154225181551,-0.015162359681149396
1213,0.014711187699267166,-0.01717703210378561,-0.03949788168489293,0.012899353934307925,-0.03515058963033735,-0.04878728664118652,-0.0270975618986646,0.01583281595361627,-0.026151838178853998,-0.025722173578478936,-0.007029988804713728,-0.005394574423149686,0.014746567808000908
1214,-0.03276644322047956,-0.02374431363086929,4.027314232210497e-05,0.042650636008868696,-0.00814246423487373,-0.034973580346309034,-0.022752026731588302,0.014552569801439033,-0.03925846867387386,-0.04270258151397923,-0.003227656594091563,0.012633533280385792,0.01911061564769161
1215,0.021808247866776077,-0.0014186419182547112,0.004439225596592002,-0.02204450917271701,0.009527443097189277,0.031117549213464265,-0.006400323276478651,-0.018265618637541243,-0.02073859915371059,-0.030164554616242942,-0.005596292144172399,0.006709015909790859,-0.007746187789524742
1216,0.009284251331472808,-0.03514374617732512,-0.007434372943850317,0.04297612591483796,-0.007767503724140652,0.037525249759770986,0.0002847208039067046,-0.00236465664581516,-0.014481384384850244,-0.004601468810971046,-0.02209431633000622,0.0005764272451523136,-0.01749600854597834
1217,-0.007715278024105711,-0.026047050306440896,-0.022233892106663277,0.007323568850016286,-0.01894692114479272,0.007582565446987825,-0.008625022385153782,0.01956793280622859,-0.009680642642402414,-0.040866619430085,0.006413093371317917,-0.0090484110976373,-0.01976112497748097
1218,-0.008646590685343786,-0.004237976524661732,-0.0070519862658613335,0.055206917430628,-0.012752614302663537,0.013756373477162989,-0.0018139954808122566,0.013507446527671876,0.005421960106136895,-0.03062350319418343,-0.011899606752943546,-0.030170351530378593,0.008052088417073928
1219,-0.00966853700025818,0.04356604728732473,-0.013068229051906449,0.022692048210482624,-0.0036344102523510283,0.03617064215163439,-0.021743071062716616,-0.02069360923411469,-0.02061928502190666,0.01820231821684367,0.010098662735833304,-0.019331770657608417,0.010512017034339318
1220,0.029257427199238777,0.029858062380248004,-0.03736736203179386,0.0018609436204505014,0.010324316608553897,0.034648846493849195,0.009785210305949815,-0.014230504931310723,-0.026645107533554823,0.03796140009926886,0.02413840158605179,0.01765033523321917,0.03649400191179545
1221,-0.011826127019857104,0.03215374501475439,-0.0052638707913898975,-0.014691491825452572,0.004294607613091798,0.026717640293448027,-0.01435550677676097,-0.037250674322408896,0.01060623688485325,0.021674127886517992,-0.020595359133119752,0.014273541634793779,-0.01797064514312478
1222,0.027974856320153303,0.03897044550537234,0.0274549377605299,-0.022965711730927936,0.028615236164927137,0.02988022284296497,0.0005735557639827194,-0.01903863381794691,-0.006595809931456473,0.039847123868823824,-0.004721992553574282,0.016019421304755855,-0.015523763549570862
1223,0.020787507114640637,0.04796284247840258,-0.013714686878355493,-0.009965597825078372,0.023284204966690085,0.0633183971492552,0.014131934009071088,-0.01669053336178506,-0.012589482214224743,0.04595670750747612,-0.006370090019517901,0.026072196260490427,0.011917936853602132
1224,-0.009749995935517104,0.0443814009310385,-0.012964437947912277,0.013421277115363972,0.022823231351431564,-0.003174500497755762,0.02469168915940781,0.0013265035454147964,-0.0439065981111788,0.013866481434505777,0.013164954061053795,0.03455143109374597,0.018129262663991823
1225,0.029374389706958763,0.04529459282429121,0.020233061584227982,0.026264462446562,0.017657368293482214,0.038170716275506035,-0.0046737062388520325,-0.0166006476999253,-0.00910142643368463,0.038029358918433426,0.011209924185090496,0.00530209136612557,0.006897838555134443
