era,filter_off_s10,filter_on_s10,c4_random_s10,gaf_s10,filter_off_s11,filter_on_s11,c4_random_s11,gaf_s11,filter_off_s12,filter_on_s12,c4_random_s12,gaf_s12
0971,-0.010872803458014706,0.009770072917795228,0.001703141021403144,-0.035057931895457195,0.0463087978571104,-0.011221714912190484,0.016855196016397265,0.013982656331298889,0.042502191895912776,-0.006394791162236023,0.00774734991126401,0.02024937151765645
0972,0.008569241994907982,0.02934671661026686,-0.012454785540117664,-0.036907973752070736,-0.0002223716487735089,-0.03617252070329856,-0.007825859317002967,-0.011100323619102289,0.022138588368546545,-0.009622181954110713,-0.0023783926125362097,0.02916372086911345
0973,0.05070568689847131,0.02593861733349922,0.004002810017498568,0.03976604518518565,0.07440829124144242,0.02419011432354895,0.005637764538930364,0.0057586055419187,0.020984405082747765,0.002087974944648419,0.002990908472915696,0.0298245445982981
0974,0.020401202305911307,0.0082209237755912,0.008753329331221476,0.007501759742361246,0.052441253417426004,0.03623360679474552,-0.026629107053608526,0.04759002885248974,0.04936227287305083,-0.01478152340387655,0.013569203451886934,0.0457337496259128
0975,-0.0021761944578876447,0.0004720013900559536,-0.004935948848968084,0.009098722576331967,0.01334151166380657,-0.007371904400409965,0.012220824581724677,0.0051110967444709795,-0.005173148521833572,-0.02108554781849148,0.007854582193061083,0.009163373436525386
0976,-0.0019213463793238703,0.01469906724981479,0.035054712214299906,-0.009018957649841359,0.010452344709276636,0.013154093440857318,0.01736931876363645,-0.03498423649625904,0.021587854685258513,0.002599012709005023,0.001347461435333323,-0.017261318068935504
0977,0.04552865455907934,0.04913275168948734,0.0009051629741587364,0.0018689175982753135,0.009932156766584052,0.013598618179737048,0.0101907816584416,-0.052686851333157605,-0.005806276592610522,-0.006095106227047905,0.029139695793911416,0.005076387906473125
0978,0.019909360686308657,0.040280928419324125,-0.0038771244290941357,0.015678054278388306,0.02353294707072327,-0.00024739241448047916,0.0017006497876407662,-0.014393249869892499,0.026798955454378725,-0.009841740321221452,0.017585197857820565,-0.0025258868742190728
0979,-0.01581448356289006,0.028022813686266645,0.03067033483862689,0.02814732897230287,0.0077339875119438435,0.0002772104795070063,0.01487746603567495,-0.0025730397153344736,0.01252998365242602,0.0005105904803665632,0.07685582427508346,0.002776392261091058
0980,0.0071542100241731715,0.00961681354173128,0.027641579963056415,-0.0004558213601482157,0.05271235581880712,-0.006681652681856158,0.032815930233270195,0.003490679540561049,0.018796175204077805,0.015485226183468887,0.03134699126729173,0.0062396172039945914
0981,-0.038398196452709726,-0.014780381689758043,0.008767915599110774,0.0010606570440438638,-0.017472496646025636,-0.02730785844597966,0.0413228865744266,0.015710884048902092,-0.0016564340422865805,0.0076741261527890365,0.011087561951207412,-0.012695296174267954
0982,-0.04552721342276911,0.004885854032777352,0.003717630294641787,-0.001642221725179376,-0.009220102076798428,-0.01892664099541202,0.014543022807051597,0.001342674589709936,0.003232044232121262,0.0003945877835745006,0.01452959119068987,-0.015220771126050938
0983,-0.009041001302202605,0.0029860581103435826,-0.010788015455691937,-0.022718948459573715,-0.005149117554123309,0.003709392395906533,-0.03338877840734694,-0.011629415706635254,0.04664966930596008,-0.04122064785411991,0.012809000249200744,0.000898745344955048
0984,-0.03394152150338988,0.03534738120552493,0.00021704325725203195,-0.020948928066253935,0.004711281875771914,0.04202713071198031,-0.04677912248935862,-0.014228662797497403,0.007524162119835799,0.011446918968794444,-0.026067808354035986,-0.02197403820262927
0985,0.053124241129663886,0.022259954499860672,-0.0030029778760781245,0.021104640278311902,0.059462333055581566,0.007526387485242052,-0.03449073397932322,-0.019747760418307926,0.026290464401483773,-0.0037508093846715697,-0.006191168053352374,-0.0061351224115205796
0986,0.01701046181459913,-0.015129061828091971,0.030675650971763977,0.011307049741427527,0.0581708223102235,0.023026173220688107,-0.018835451386318505,-0.01797753314808957,0.010866606305695005,0.014862517011510017,-0.029617085564763626,-0.022032331847374607
0987,0.008900499456676082,-0.03533785011999887,0.014848798723195222,-0.01703822232458024,0.014187091505064336,-0.010596395102540606,-0.06602690482222184,-0.00080027014964521,-0.02477137550416927,0.004081599972381103,0.0028653975050683456,0.0037084227277553467
0988,-0.0071821732240742115,0.004319221177789022,-0.0021601027177176615,-0.028630218522373085,0.0317834336300322,0.009355136996249312,0.0035915867369901992,-0.013560013145835064,-0.005485435554668874,0.0056417895425680525,0.0187775122400037,-0.0217215927151338
0989,-0.0408127131965808,-0.019546858397804217,0.03632329666790971,-0.005860396107478062,-0.009635918085891823,-0.006260840554522182,-0.008910999981698779,-0.033027923654150526,-0.021988622214417036,0.008403623205439439,-0.00308562351439636,-0.03109737427484207
0990,0.0486960737920118,-0.011350847061096393,0.011790506938738633,-0.014791503330397048,0.029201089942459867,0.013974459693043383,-0.053641140935900784,0.032560360790201845,0.0063778647367957126,-0.004844870861852321,-0.03887776621081595,0.003906287374340501
0991,0.0010814915708106702,0.013158859968587882,0.00875008440483132,0.02145356817985339,0.004421176061459789,0.013845215654623601,0.013897886700234131,0.012687887298745521,0.013477977605681283,-0.012384509770486019,-0.0378041551352957,-0.002820252606499157
0992,-0.014570534570883286,-0.011123618101969459,0.009087818809505986,0.0054053735565487695,0.006050880395700125,-0.015379873108867936,0.016400751935814948,-0.0013907055214548334,0.019519639910925514,-0.01030012693912499,-0.009893974396856256,-0.005715064459819477
0993,-0.013723709536054847,-0.01178632380372034,-0.01649549767586497,-0.013631048670523529,0.031828895567787854,-0.012895021567629793,-0.013660302714244446,0.0020598045144681913,0.021079408206036813,0.022109494832340187,-0.03473287037096069,0.03297593761073573
0994,-0.027630020094795045,-0.03290479232994592,0.0235964616321731,-0.017450122338093142,0.02763497812446033,0.006657704345684661,0.01954908822094511,-0.04982942421780551,0.03486072779681278,0.002451666278696959,-0.014952712045802155,0.018283119037442813
0995,-0.0317833344595562,-0.006113902114823244,0.006211053339246228,-0.004795053567206647,-0.008717270094958903,-0.00830851649159939,-0.0034470930966000487,-0.021382321409705866,0.04963345039427328,-0.009039375330992873,-0.008023945354440638,-0.003360462234045549
0996,0.0015959965593071337,0.008709191952958158,-0.011657893858663679,0.008063077077437876,-0.028755911583723925,0.007578342618710545,-0.022438301260751997,-0.012714399311967392,0.025700345852088337,0.01814611635251729,-0.018635485443429474,0.0015663872346223023
0997,-0.016231195584798647,0.0117243172613359,0.007575634541345128,0.034023581387436705,0.02125977821511547,0.014850594442731749,-0.02045960460122154,0.0003865517182430632,0.0395654158291797,0.009801520810468808,-0.019559794976990442,-0.021622964733818053
0998,0.02881366389977121,0.032835462317087,-0.031170125516146133,0.017579851803020706,0.019144106301115515,0.007391173905486617,-0.04188473754674828,-0.004667278667650741,0.0460359238203561,0.010537952522904494,0.01430920180666144,-0.00566511052167704
0999,0.014829516348099935,0.0019746734351703036,0.01624466148381875,0.0059228037868747875,0.009579090173051067,-0.01694717573580811,-0.009023580230155795,0.03750295237946016,0.029790551912280583,0.00904756391863602,0.028056578169299174,0.0009891894411210905
1000,0.035387820043494084,0.001209677378306207,0.004497710301575331,0.01319144040625401,0.02691966245021559,-0.020076121047260347,0.02294116936404772,-0.013091269678985652,0.007032058036484781,-0.014397270644847969,-0.004117357418011302,-0.0025607383175945174
1001,0.005399327671261146,-0.025195465874734046,-0.01913760537988911,0.060464833977886066,0.043359130005464756,-0.0030989081783041736,-0.0010817516443138652,0.00189344377031841,0.025135071788717243,-0.009180958827920907,0.003439225873536996,0.018168446227231384
1002,0.018606898052945544,-0.016201135651299353,-0.020447619832251233,0.008163054688035434,0.03077550053491816,-0.021086280713786296,0.027872877895988007,0.027559913467056132,0.016881539745634944,0.007219609690884507,-0.009391530109235302,0.015975884473356686
1003,-0.03253358206197866,-0.02421120065567834,0.03385573456390116,-0.0201540635069429,-0.03370082225024425,-0.017452182718240568,0.031864456985902206,-0.004241729296123062,-0.012014188380079649,0.006645460520219669,-0.0043254379657913355,0.006790424304735665
1004,0.020442404534272582,0.02205832299433358,-0.011216081433925018,0.013862009644399147,0.027212124205371183,-0.006855283472867747,0.020789727206793306,0.018574597539793725,0.04293649802424688,-0.021293190002892218,-0.009089790486952338,-0.0013536562698440056
1005,0.017439965791989233,-0.009111564888967492,0.0028937309310008035,0.008158292650616076,0.011934545584233562,-0.00566144592060209,-0.0008207938232794072,0.01306219566365061,0.026116431659570442,0.0010970123626504256,-0.025437084494862927,0.0004598476894106962
1006,0.029528582600125686,-0.013607598989060176,0.0010761075891596629,0.005932245598333684,-0.0214366010300988,0.03147686089387508,-0.03831921688466899,-0.015442303376020984,0.05768982898127969,0.010063739490824565,-0.0028794381338652095,-0.00886055381701639
1007,0.003136353337136813,-0.014325001552660697,0.034640067671200855,-0.012455741193926523,-0.007345694868385355,0.0024854984294521835,0.019469663488430534,0.015699459107684666,0.006221961934751541,0.018310749251008937,-0.036512311506523946,-0.0026670803558557186
1008,0.023154087725194752,0.01871446582814304,0.024475195746898402,0.007866691647557258,0.0028133798978815417,0.007591332660812101,-0.002139369483973845,-0.00027712450917801216,0.033954260113014334,-0.015226280195948285,-0.0055129607725569255,0.0437838658718477
1009,-0.038150069377177215,-0.010355307881911587,0.004973528125151254,0.04335192699752528,0.03436724789204835,-0.02068769292577446,-0.037729076966249775,0.0007507027120024029,-0.017364346090617575,-0.02132034777685794,0.012271603641823144,0.03592807874374363
1010,-0.01090112997271696,0.03066227143900482,0.006070012309214148,0.020102940264757913,0.0053609557165756536,-0.011432844611615839,-0.01635649702323641,0.0166505254119841,-0.006472410294121547,-0.02594739796410113,0.007236656993119011,-0.010034615127016372
1011,0.018080013918786293,0.02044728656824538,-0.004662037350702865,0.05739430316295236,0.028595277512463785,0.01635593630386847,-0.02972531623163294,-0.008595195360601842,-0.02487720104307265,0.00876688092848269,-0.007513077874022,-0.018542588763154674
1012,0.05216423861857265,-0.041199139272882,0.03919192640890256,0.03839078611090581,0.02693201165194293,0.02086284117100248,-0.01253984505689339,-0.023109930883879047,0.037975850156886086,0.0216247671217778,0.01183766555191212,-0.019292624813917678
1013,-0.029470718171774754,-0.02860229027677107,-0.00609652549035942,-0.009990983208912134,-0.01796298468205624,-0.00294250937920359,-0.004085684407094155,0.026214218784138047,-0.008358202963805482,-0.003926014115206236,0.0056683136261978595,0.03289168704054245
1014,-0.005097709403054285,-0.005143074271098653,-0.020431227434194607,-0.01929293380668985,0.017589883472212294,0.005192638710897299,-0.021478277371854926,0.004824025659421517,0.015047944873453463,-0.022327124190812824,-0.01843060510770048,0.03995754377186112
1015,0.00030710233554071453,0.008032061863912532,-0.007166273524158667,-0.006722586629054489,-0.036609409661897845,-0.013681678356662003,0.0020816926170779165,0.020743918179279515,-0.04205449854459915,0.01689689115785639,0.00213957009915174,-0.009543302065840418
1016,0.024398403794219686,0.02855845757809095,0.0020775083891523276,-0.010776755365670108,0.005652201002699106,-0.0032388821177271017,-0.025249422238996854,-0.0009816204993442444,0.02908086989957606,-0.009486425667909366,-0.017703952192741325,0.011950919323269563
1017,-0.011278923264363671,0.010683555453828812,-0.006504306379687689,0.0015516051329820576,0.02289484075487604,0.0105821542471,0.0067893779020746425,0.012767055555726391,0.029025121382020354,0.01575466498808774,0.021440055483794584,-0.0012483339851806887
1018,-0.025060707554273955,0.0040963470489830634,0.024743646980555974,-0.003391180255960282,0.038286656128010445,-0.013679671434779689,0.018232336793640128,-0.00030844910079587574,0.05150860037068222,-0.004677940116177638,0.01856035862747257,-0.007637519520700978
1019,0.022885791135639277,-0.0036405991509905217,0.0028395136377978004,-0.016575301275947696,0.038811915610864126,-0.03087707798009647,-0.0057064466597302015,-0.002478248598951619,-0.02449614327830479,0.0008543873355166936,-0.017743610739378093,0.004288574531227285
1020,0.008093395961995133,-0.028309109931121287,0.005790844120088169,-0.019231773258776345,0.050727038591520494,-0.018160949867879236,0.005195252520676231,-3.3702702430347636e-05,-0.00193073166300901,-0.0020657620269667193,-0.016837682120615562,0.019526400231431325
1021,0.04303231269416326,-0.014060174194666689,-0.0068830290308199375,-0.008105957735480887,0.019125084199610985,5.6386301594120336e-05,-0.020245085802030507,-0.010795606518535525,0.02113663858612943,-0.024460046779519098,-0.024347631732159723,0.0038676103244101594
1022,0.004482238819981588,0.009112406155961584,-0.026623886995471437,-0.021622620800939303,-0.02999641081337131,0.021906431541849673,0.014801585093923174,-0.01753806511388621,-0.002031716922823916,-0.0068355422103174145,0.021534997824775474,0.019846110089052297
1023,-0.013694258168138462,-0.007945918570227665,0.004874801191623138,-0.011889266308634128,-0.030628909462812038,0.014601881570233588,0.004583496420566,0.01311001861238524,-0.036981732802976446,-0.010400320557594834,-0.040210569992931634,0.004692099566744843
1024,-0.06776127613392512,-0.014286852169471367,0.017159169715275653,-0.010264460589987267,-0.05185812177611425,-0.004504834969508501,0.02652816225604404,-0.021305136925401466,-0.048753446420490336,-0.008202040240010975,0.009623159810536398,-0.047440081027530466
1025,0.0020181569329030596,0.03990215290217428,0.009748008140544608,-0.004482222966133979,-0.022990375453398815,0.017090078326422217,-0.023527626778302148,-0.07560776208428278,-0.06153290266334053,-0.019819498489801735,0.02237063924536057,-0.01892783041721719
1026,0.03373171131121651,0.00992259473703941,-0.014619314354983348,0.03424863419937126,-0.04497785142359312,-0.014915570077710846,0.008407696858409764,-0.031197526945988825,-0.0032802615630502015,0.03518951580840557,-0.004829874119135117,0.025618265751682395
1027,0.02937189679736909,0.017236323924605258,0.008203583704594326,0.0031777127093951104,0.0071705602099825525,-0.024151785004447344,-0.0008337653174289567,-0.009391831675359365,0.009704780687487626,0.011217699770827387,-0.007067912444846746,-0.0012685712943354237
1028,-0.009135416079909905,-0.03208270712386426,0.0063042453301368215,0.01038757829081073,-0.028373190160843706,0.023982221712747297,0.0418541460716271,-0.04871749082376718,0.0035088534946674617,0.01891727536907787,0.0012775699414565916,0.029152760856016594
1029,-0.0010453428024609387,0.009627754581708456,0.028745871296720907,0.009675233637069923,0.007449543017297895,0.01676785909956729,0.009256184469208142,-0.04796831439371883,0.00576720447705008,-0.024641393941831125,0.004420012455666029,-0.0019625132758028137
1030,-0.0021897936552464593,0.024584574966860392,0.023956709915281545,-0.013064573208174338,-0.009060428765750316,5.547967817465109e-05,0.004830873714735117,-0.018811115703857146,0.006703461038267622,0.011418705834630932,0.01961439955554462,-0.030918121662952085
1031,0.038470196121874335,-0.025387129545280208,0.00030230110786912394,0.0159661622303835,0.0732393399677672,0.019584497792235547,-0.0030042479795197082,-0.016824308605490664,0.010717132143969594,-0.0123436408940096,-0.0021918435427174506,0.006030883342550588
1032,0.01127983589136074,-0.021736353468078114,-0.01093279170518321,0.003320371496036143,0.017591164211349018,0.008813491460771745,-0.030828508524934725,-0.022399048725734668,-0.02258026739350391,-0.0023582167303171984,-0.007352305234794085,-0.01089869627896301
1033,-0.01155218089092768,0.007298643686402965,-0.011188546846403564,-0.0017248213102685726,0.035978354029640953,-0.016585126065258318,-0.03023314430616796,0.02632897118478181,-0.020433700630407742,0.004997648002470208,-0.022088840235758748,-0.0054695667111544066
1034,-0.0012102689476477984,-0.023672076609257815,-0.005609995857465113,0.01974913217517688,-0.03531718324348779,-0.018967800049849715,-0.0007414433576170875,-0.010471256095837086,-0.012557066484085775,-0.04397937009322509,-0.01831302462122835,-0.030734483422430393
1035,-0.009752451395026345,-0.01909729061578835,0.007599042740393926,-0.042397439833742515,0.012087083411877472,0.003730401197744465,0.026087510731276683,-0.007204896977093217,0.02046328736862448,-0.016596562567193943,-0.010986214572661867,-0.009029581508298315
1036,0.014160116339326257,-0.007512570427429854,-0.02569173826935322,0.005603288056980935,-0.012986174006826563,0.01679367795936944,-0.00553255798267301,0.023942872636226287,0.01666050361939485,-0.03995958579219709,-0.06148805571951472,-0.02161844146029956
1037,0.003840365591117869,0.013155887880550103,0.0020515189110129443,-0.012460666870320821,0.009141815060084388,0.006554955403752884,-0.024714949899472288,-0.011042973620078247,0.0372131387556499,-0.010445871662684673,-0.018715138624975744,-0.028809296266766232
1038,-0.04269234528793149,-0.009198736994076265,-0.0028147548014803756,0.017037199472436402,0.00965435940205615,-0.012471313445765625,-0.0008095644885190964,0.02765835473187364,-0.02738738916787442,-0.038224408092847766,-0.013368332721649152,-0.033692211243057484
1039,-0.022833371163839097,-0.019841443833295815,-0.013591250339260877,0.03334436771027292,0.022446505781158733,-0.03407218616138348,-0.025771742512729814,0.01072504062039645,-0.001805722962138713,0.004138895171741257,-0.013703386194328706,-0.01570780356851655
1040,-0.01591231736248105,0.006777727279883473,-0.013692217378096174,0.00036347371869573504,0.01055812667614587,0.00850725967375363,0.008673613260366177,0.025608057227746967,0.010627194797446523,-0.007936651837744975,-0.039920645339238926,-0.027244019580395767
1041,0.013872594926364976,-0.020708201254132145,-0.013251247594660322,-0.036596983439431546,0.014920522397922319,0.00896707194695933,0.015408348070738292,0.022692439007126402,0.020113361885388918,-0.007039436533108098,-0.02969302923182306,-0.0018011345599751212
1042,0.011734597054234061,-0.008075414644891324,-0.010144098220455028,-0.02447548338201262,-0.02051062005880492,-0.0007920405727765794,0.044977106126669546,-0.02964374725848969,-0.016963560834440197,0.002974451798307145,-0.019070767832167466,-0.03359943857710999
1043,0.03471142421576818,0.014837778038814134,-0.03366968787679696,-0.004299035429572366,0.011455809009048589,0.006950581952479326,0.03510404903721319,0.005490863727160116,-0.005154469688334624,0.01805779333301715,-0.038869362127516106,-0.03398955245075183
1044,0.04248167863012448,0.018168472638970493,-0.016386603744425632,-0.019127127678433106,-0.0014155454830750034,0.020865487679359633,0.017986763896590686,0.043727781979119834,-0.057422816828609675,-0.00615960587940997,-0.02599266624270371,0.004728216236552268
1045,0.01527022975273241,0.03514372137231604,0.009945923786457915,0.010213361175673771,0.0209137774492425,0.007304103326410512,-0.014122130711007678,0.03703861467970211,0.005829637057581585,-0.0021544197508049237,-0.01580315269304493,-0.01060646398828193
1046,0.05005956792861372,0.03198848327359653,-0.00969855399207498,0.010825673289663168,0.032078418273573064,0.02698277403399264,0.0042852958360112365,0.040266178378155604,0.005615908516383058,0.029362344477087306,0.003739719067585323,-0.0038557748727138207
1047,0.012514100863546495,0.0021737924794271828,-0.014059212636467004,0.010009291859841398,0.022593352937497663,-0.0024761045206040783,-0.001979963294635419,0.0736003894953842,0.043131401530725665,-0.013917959407105744,0.00659189782842746,-0.03611976048789289
1048,0.01809726623787846,-0.001537798827315247,-0.024582211043535425,-0.004334200933818691,0.028752208957088847,-0.018984364568770805,-0.02004310258319137,0.05149439427411862,0.028506957906056365,-0.03013331705574084,-0.02035597432540432,-0.022521019443723936
1049,-0.02964591378415245,-0.011850750005940094,-0.02666514049557516,0.02176503022086167,0.005823767174124183,-0.01611078421553231,-0.05041933644120575,-0.021472598671443504,0.006099436192566218,-0.01738254954407436,-0.011590881687660383,-0.011510272630493902
1050,-0.0015780638205165844,-0.004194672777385888,0.010218146048851651,-0.0008361817735202959,-0.00039351876839716906,0.012549001781866437,-0.009812434990769418,0.012470012149158922,-0.007353806442133402,0.008854628164175583,-0.004923035748504576,-0.0519133826113718
1051,-0.015246932695387643,0.011160950358466488,-0.010887511076665326,-0.01601028063309428,-0.02107378536371864,0.02756506509314348,0.011374624484240857,-0.008248236361867268,0.015531772041668735,-0.029991663511072904,-0.0215189566694249,-0.02999640400445104
1052,-0.04858780603299512,0.013230911128119461,0.003015226589296824,0.0029561527472379435,-0.024256009484979545,0.03741897052718607,0.011778551162558324,-0.016543425798521593,-0.012054375383033892,-0.02913259039128906,0.026568785810800834,-0.0399721296750361
1053,-0.037089640175076474,0.0032628739631874915,0.026340167129908085,-0.011751273988596758,-0.034908105807981385,-0.00745443254582513,-0.01744720938826077,0.03842903247741353,-0.03650973895791614,0.021639433544769483,0.010393788881285714,-0.017049805819358634
1054,-0.02735892075164844,0.02260760666245809,0.014655213801949571,-0.004511967937975316,0.0052297196898913574,0.0021836741976609714,0.03643670344379599,0.0006437233720907316,-0.001456171665961303,-0.0029457814118733195,-0.024304010738352283,-0.01305566894146677
1055,-0.008057733931824738,0.013419062324550255,-0.013902323069573655,-0.018110407335220933,-0.015623884659693726,-0.017491993917665198,0.023995070293629957,-0.012821653578849894,0.006006798899244788,0.0014712100394297313,0.012271653980861842,-0.0016144923296735002
1056,-0.016469069734480504,0.004313928382717285,0.03022525966144324,-0.005458506624032947,0.007955762297679275,-0.03246504124020873,0.038955410153950744,0.04394251214702125,0.002376314427192997,-0.009345916233393897,-0.002916986831933128,-0.022087185969871973
1057,-0.020629383083617954,0.013186665090408892,0.005329406542088078,-0.006011681266808479,-0.02220780268205059,0.011293627254617713,0.006373088122165607,-0.018004658471081826,-0.0012782897117859962,0.01761686936655097,-0.013311427845742926,-0.006503716693268771
1058,-0.0137419352948421,-0.0004378757178794806,0.04595252063863273,-0.029323422814400424,-0.003059484877879728,0.0029068411265840274,-0.004919956858950905,-0.013137483527302983,0.014492124949945602,-0.0128483584880824,0.008283744299905041,-0.02935377462892632
1059,0.005391232834532843,0.009120641661514127,0.0030803117927403964,-0.024920660159339924,0.0180793835279341,-0.015798658971537826,0.0010136306196351457,-0.03621605563336952,0.049563500119621094,-0.027228608646390012,-3.6286522804830844e-05,0.02204553741078823
1060,0.021393576738181732,0.02191695645280834,0.006724458716191661,-0.025220996422126746,-0.007257933735605838,-0.008866024432200482,-0.01582015070768374,0.005257066317811461,0.019472930098340356,-0.034361402113056785,-0.006137722920973497,-0.010377490351353437
1061,0.033700891973667976,-0.0015983372475482764,0.01089349995200676,0.0020836095493603516,0.04760862389840631,-0.009383112465120547,-0.006985558498821105,-0.029049259942362786,0.03638944822730562,-0.02925926312985623,-0.001205132591549499,0.0034445822116898157
1062,-0.014302441011756227,0.0326419846279643,-0.0036329817334690945,-0.01560410524451748,0.050812407517763815,-0.014685429682190144,0.03250343746102298,-0.004301626698856037,0.021619777330425662,-0.03382250892661014,0.004655361334369961,-0.008550814000741216
1063,0.016892636610751938,-0.028155914168727484,-0.00409989451189431,0.00210492443312363,0.013890340616982005,-0.03177917300836525,0.019775776648599308,-0.05773399721181063,0.03148458434699715,0.020283439028053765,0.0054165891031734345,0.007512193414585608
1064,0.021590001751593077,0.01836259274307516,0.010902444807958473,0.052738949921353064,-0.00844948170917555,0.011608780070693046,0.03376351183765011,0.004446962779042757,-0.01958960963407479,0.02097184434138337,-0.004725935515454381,-0.0154093665252768
1065,-0.029177579019221352,0.005934208804487057,0.0020726554681550964,-0.0009166317722541377,-0.03266673858887164,-0.0012994990217225816,0.03636176193580398,-0.02359062277363229,-0.03159341788791233,0.015091752664923146,-0.02617724689224825,0.020706319479887013
1066,-0.017884760811209537,0.03102242794259458,0.014934979273024476,-0.001783732654612833,0.048270964929471465,0.002953673596041883,0.002400624170622526,-0.009128610786122381,-0.020247594552778258,-0.01725552807377567,-0.026764183349769585,-0.008269706780167021
1067,0.0006592242102650627,0.002569311696077246,-0.0027115956113779307,-0.020067852953021582,0.024947607346283297,0.007372006936771422,-0.007151945619628256,0.01960629161908189,-0.015127645205465256,-0.010690106129354842,-0.04310677901187311,-0.000716138397629738
1068,-0.002729605156733837,0.05028720727251969,0.007523553192115093,-0.012397167776403692,0.015540225641655527,-0.034232905418331606,0.01329704880561238,0.004149865545532742,-0.016115551278993258,0.004281854312067471,-0.008804206984155854,0.009809267588561961
1069,-0.005909488769002498,-0.019506140804118992,-0.009189820460859165,-0.04474059143098304,0.034096124289684476,0.027188199477978178,0.010086980791521608,0.032368277224511535,0.011808334451362786,-0.04272125578341139,0.013129725518269615,-0.03269960602769636
1070,0.020959581432692134,-0.02634594764936168,-0.009031047350990156,-0.03529989771558621,0.024799060697507303,-0.0276662074492932,0.03831574348428164,-0.03757412593119427,0.03045923834913149,-0.015056855128177404,0.008208869959979131,-0.011124147114692678
1071,0.04316678761330432,-0.015569364428556387,0.0042171610323107475,0.0034289520963823334,0.06078211477107472,-0.006484104273486772,0.010199990808891935,-0.028081897864957312,0.06014775340810748,-0.011425860569798517,-0.011449165829974486,0.03554738001191105
1072,0.010055283238590805,-0.010324173270342787,-0.016043140166467334,-0.02515684686182941,0.0003954516277272134,0.0008977690967936139,-0.0019030691292938144,-0.0026319163083952284,0.00737843547778042,0.001234195316041577,-0.04182551642208202,0.0020048555352377515
1073,-0.005582523792064949,-9.191471905502613e-05,0.011925235436888743,0.0007013168375595861,-0.015239914456394398,-0.022015159076568154,-0.0063444984189930664,0.0332044549899544,0.010671714297514685,0.009045284623108312,-0.024224159772893144,-0.004847764636445348
1074,-0.010967906867734637,-0.010939464449779675,0.004290869173448153,-0.03162140949108825,0.02883240035686406,-0.011163652353668336,-0.010494285018766796,-0.004198086433699577,-0.008286625641826858,-0.011942473751521517,-0.049947229491769794,0.02669264943081295
1075,0.015151331328696283,-0.007337115361264143,0.005760291132631807,-0.030138459267055304,0.013569544233948896,0.01773998766693982,0.02196039931248033,-0.04454098537289284,-0.01643551945503392,0.026621045425716413,0.004010148387006956,0.05298304675294849
1076,-0.009047727736542385,-0.00743173549538269,0.034878855751695005,0.0032509773806529245,0.024543970327630647,-0.00305215873131046,0.011165468378063825,0.011272902929147666,0.04976664564032609,0.0014164162721140273,-0.007079487116294232,0.0015142940995486623
1077,0.053774683553343805,-0.008673280669447813,0.023394705982937646,0.055549749871522246,0.042244263767757806,-0.010509491546310876,-0.0022692447531731203,0.0062295906632124295,0.0474058889900274,-0.028395800275726073,-0.013810618149464332,-0.013777916253586738
1078,-0.005414590054499824,-0.008032930963218745,0.03021972141928502,0.029441306589039668,0.018969414066072287,0.03351009004722631,-0.020348697165994523,-0.015321871452650548,-0.003591883619962506,-0.019145132105977503,-0.0055055125866717005,-0.02359958136766537
1079,0.029833006903229264,0.0041187347056966875,0.021557742208237512,0.04570152718171661,0.036425888132135674,0.015250001456835154,0.017339327305365356,0.0004346321538175814,0.013708904655812587,-0.009558399237677104,-0.008555663676807695,-0.002264083205096184
1080,-0.03815690821557634,0.004576668931634354,0.012910999982441423,0.01140973505197086,0.01878275674345686,0.010506638526907485,0.009618342614316943,0.006742528670535133,0.008411373145196103,-0.0061817797461765625,-0.04097659515760909,0.001718484303171041
1081,0.006944906711761429,-0.011669478683636518,-0.010937208507613275,-0.012037841154505294,0.020534419193229545,0.009841002376015838,-0.007419147538106529,-0.011702143161278022,0.025295988265901348,-0.004518565294544253,0.021458364216289855,-0.0036167928670365096
1082,-0.0029310865182832634,-0.009926980909497684,0.00028916910789970765,-0.019355924951277706,0.03543862447716075,-0.03434457340056712,0.03291174042911561,0.003972981326667874,0.0023793477283333524,0.000687371493801344,0.019429091152670157,0.012605697423214436
1083,0.01894114583541219,0.019191283558953158,0.005113443614312596,-0.014821003901544269,0.046827812365632535,-0.015623950983481388,0.010854224871809065,0.03522420546168305,-0.0064775854023557495,-0.029743774346859705,-0.03005799364715345,-0.007206871202844739
1084,0.053625008319741645,0.007528003765801492,-0.028861872338912752,0.010151539847866363,0.035360136362889365,0.020384841115178604,-0.027507982016857602,0.06432110040973146,0.0025458830362272457,-0.0018469037948609635,-0.02576009656546629,-0.02901216075850732
1085,0.028401734648835456,0.0016488429171648993,-0.03387384669784685,-0.05070136881734221,0.040113393027319644,-0.001955997376601654,-0.04665047811015903,0.06743355034881049,0.04547124589177008,-0.013233048543617535,-0.006013683119856866,-0.003914493717526644
1086,0.032975239676806836,0.020075077809774126,-0.011547309922285903,-0.001152993519503089,-0.013192107732732227,-0.027948416235515645,-0.0315602310386509,0.03891182635343279,0.004440065325722145,0.012124038942569516,0.011004817559257276,0.007460106291585289
1087,-0.010168245783660743,-0.03222604511522562,-0.01518827913919138,0.007169016619026894,0.007505375484626989,0.016656340869782675,-0.014588609069536062,0.023525568250094962,0.01558272195247495,0.006741901337319153,0.014455880207001266,-0.010601491440695826
1088,0.013792785335267356,-0.02961422059446978,-0.035574540301065924,-0.06392197599202162,0.00920411533767153,0.024656556387865854,0.019375593903516394,0.030159503685871867,0.0226196741172926,-0.0031352114615931146,-0.035356213771469115,-0.008894232942896204
1089,0.009076846685674978,0.0077596442947150636,0.00925133532521324,0.012563672537731926,0.07169655748767169,0.017319058469246303,0.047587696248363856,0.0057777601569471764,-0.0020741367238525303,-0.024401104801926306,0.012285253513849048,-0.00860160420449329
1090,0.021525047833844103,0.03563188178350525,-0.005975888289822002,-0.005992629183356818,0.05668789859501822,0.0186173083683616,0.020561246057074763,0.013379238091607805,-0.0011258385123465353,0.008446436477044595,-0.007451101503603998,-0.0012726898701817984
1091,0.023959126391903864,0.00953502358944773,-0.011872502682234052,-0.026918191608022713,0.020613006085268174,-0.009280191413743696,0.025354572627129462,0.05787314836098781,0.022681179431574616,-0.004254129149083488,-0.027773722842959644,-0.01488542839836315
1092,-0.0008182879071659741,0.03081925313578875,0.037543461412629646,-0.031981160580916816,0.056379829096096463,-0.012223684793669101,0.014276461153145077,-0.025147269819549983,0.03748725417373335,0.007981668865486164,-0.01816212712553042,0.008188163625566559
1093,-0.027994883687596773,0.014220318455738106,0.004630679596512698,-0.028897090163187797,0.0344908976059944,0.005462738016170324,0.030170554760899533,-0.005321188343559026,-0.008581214472806586,0.0007948277764848546,-0.02081311094041231,0.023343209850623135
1094,0.00428656217376003,0.004152454707836667,0.002972305009783877,0.0012423465033520262,0.031015739056325525,-0.008097480703056827,0.015817060018320266,0.05261177067635885,0.02543178050770772,0.04961772068244234,0.03264530582135473,0.021455791501138105
1095,-0.020688308673005154,-0.002716252498717685,-0.019886951519318585,-0.0028339088957073703,0.0060572403555563025,0.008355921405419998,0.01155914632277939,-0.005369477767066247,0.03012752701489642,-0.015278506889343174,0.0032731315152092575,0.029523079645671458
1096,-0.011964831321258095,0.0014008810338018752,0.005547211561775183,0.03404092815302341,0.03303937304284494,0.016490053443254427,0.01064268644338922,-0.005161151081582226,0.05974868843235576,0.006778901440471856,0.042531804782533926,0.0471886537389311
1097,0.00016184582429478903,-0.023150839146196176,0.032076065586011504,0.05796577592557447,-0.012083750038731788,0.006720255924595279,0.0018341087942714345,0.0019454856144638516,0.017320125608112764,0.020248651127721867,0.020031204549578924,-0.009871377533273374
1098,0.005914749552274085,0.0032378826198169847,0.009331745259655104,0.019747618413748422,0.009154005747349578,0.018329962930556304,-0.01328379606347941,0.018552547669370298,0.023223071988746173,0.00400900464921791,0.007441187887132521,0.00973576321860117
1099,0.016213237049602654,-0.01836238641604131,-0.006679479690426643,-0.003208885342880252,0.02616767986414978,0.019757269054992213,-0.02962266021303219,0.0035916586503746627,0.053010067758940994,-0.008152160337940723,0.006064699595606337,-0.029802367585779678
1100,-0.025228073309957286,-0.029334122679534013,-0.002225321258323897,-0.04233427252566597,-0.0269250448843136,0.006696405699221819,-0.052182476859829324,0.017048895080219156,-0.0074442132669107495,0.00399012379000614,-0.017472782372655305,-0.010889791979867535
1101,-0.028593103877187477,6.8131976061745e-05,0.0005238010261783118,-0.004896795593745162,-0.016121235780759514,-0.0011186875117944247,-0.047042781837599947,-0.006628248099827782,0.0076347760429397015,0.004811304514560759,0.06192840265310222,0.03332723485799373
1102,0.001525884406252247,-0.0357467211014184,-0.007963834665932486,-0.0033341211815986226,0.01672521116921115,-0.008823926580830714,-0.0191593195189229,-0.04293060924021986,0.017377700538582404,-0.010481139867822177,0.0055919108647734484,0.00797781178528647
1103,-0.005449777454875604,-0.02320198991401934,0.0029505028908076245,-0.00867997312529864,-0.015482877903259168,0.013033618624860925,-0.0002546957363038661,0.01007940536890533,0.01111477686293866,0.002689872205169118,0.0160425638175909,0.002820806466499294
1104,0.008087128530278988,-0.0058265540820497935,-0.010327812119112966,5.947730137426156e-05,-0.008252988458606014,0.0018542531179883185,-0.021998282897960655,-0.0027922539043003657,-0.004743823220636432,0.010959077855292603,-0.025257876951201273,0.01090361402330213
1105,0.029637993825568105,-0.009780675446157983,-0.0025333865080350085,0.013918177908817268,0.028216167977297903,0.035626468388160734,-0.007438075855156135,-0.001392942805371063,0.004208295701943182,0.005642533895775691,-0.024772639365080465,0.02150207953400958
1106,0.03608294146550706,-0.03014994527099107,0.004331699608579618,0.004319959801866547,-0.0006453099115350337,-0.0006931476799372706,-0.002889939988021582,0.02213070541726636,0.025570659672513263,-0.018907047558228196,-0.01754896268835558,0.016626815473685122
1107,0.0057374320373749545,0.012748090149394445,-0.033179128217833545,-0.020650188894460204,0.061212434006957826,-0.032221701335555096,-0.014980231389053432,0.028435063422569767,-0.008591685090248389,0.0259886952949988,-0.026691333432863423,0.02581575354826231
1108,0.0028312745524508025,0.01962772716253772,-0.02107696257497645,0.02111595584936274,0.02388173772570414,-0.00040919388979271707,0.011026149346191776,0.07457153334352265,0.028248560560690836,-0.005062985224308849,-0.006820087580766084,-0.005721607969934142
1109,-0.009100509209059741,0.013624543475989282,0.019459468860508155,0.02372642704314295,-0.024928843484628236,0.00014214619782960486,0.006256352220066574,-0.014216674562143657,-0.02907335069808397,0.0014387176293045023,-0.01868526926195258,0.039831795937934955
1110,-0.027554149290553005,-0.029865566150839358,-0.004210538027756954,0.001991178285550731,-0.03365987617936651,-0.021462892737957113,0.012704297318461755,-0.0002815666482472619,0.003930158348252984,-0.008565088932027677,-0.01895353348061124,0.003982508751886878
1111,0.008156993566221165,-0.017270500183545163,0.024093507876038103,0.04044945510855341,0.0003816810196999041,-0.012757348648367339,0.007545875073683754,0.01185537623645302,-0.023354230487447645,-0.0123716113935898,-0.014051310365587244,0.01214923382704768
1112,-0.03628714075028678,-0.006090530377160792,0.016090035628626015,-0.005789840446052819,-0.0333087888671275,-0.032286155445763055,0.031097743225807817,-0.00864493390897937,-0.03804560192980629,0.012003310321972454,0.003815844337471416,0.05658837744182858
1113,-0.01643437634558226,0.03366492197024792,-0.014847810995883046,-0.010872862455086296,-0.0455696173042308,0.010160291356610288,0.0019978779505548136,-0.023107598045383378,-0.008554158359706262,-0.00020046083446613688,0.02198810794521476,-0.047182864415240874
1114,-0.03182603126938666,0.018461504086872364,0.009589392489673911,-0.014802475382173821,-0.008310209891926724,-0.0018617491416112733,-0.004836835695373601,-0.0034719587129483196,-0.015871382262548556,-0.020432577030695558,-0.02829129985282191,0.005724081471416118
1115,0.0031769587902588012,-0.012978142231311458,0.005358031636906942,-0.01072951333470199,0.006774005349065052,-0.020783348320070266,-0.04408001390827853,0.03332304433986918,0.026221406543374116,-0.014224307749769367,0.022023797206014342,-0.02872313436512067
1116,-0.02810466190852713,0.021991874022737105,-0.018480733781772753,0.010215968133081498,-0.029765300896952035,-0.01629347652094439,0.0017725182313674502,-0.004831150946062454,-0.01236653525037667,-0.018472162139783338,0.054076981423252415,0.026830059152898145
1117,0.023625735569715412,-0.02506289527625459,-0.014933443523272768,-0.003409091290211876,0.011655682912759854,-0.006123896543635834,-0.02185261481643507,-0.0165665759796877,0.03896223152187754,-0.010856139734064067,0.056443265283415214,0.03191899287529248
1118,-0.005670873905443622,-0.02779597929863657,0.0190942622303331,0.040645921707816585,-0.01944097835327405,-0.010142764239192262,0.011487166282209494,0.014814118248746544,-0.021402596103720993,0.002220966234746244,0.05670694933879979,0.04088930782250872
1119,0.02541345074688836,-0.023199532762516007,0.014623445679190411,0.015432465976243964,0.02113522300830285,-0.019760276204637602,-0.016160211595988586,-0.01135851841780977,0.0164431538337825,0.008490326574289586,-0.0009755470365168265,0.03780005099547609
1120,0.04559865671141798,0.0037846199977970454,0.034601450811688014,0.035917556760512497,-0.015833515262584974,-0.00038482628047582465,0.01005721483514436,-0.01652600222263318,0.004183957909991468,-0.017749739233701507,-0.051733358948610225,-0.0021388016612504737
1121,0.023817665837113824,0.008444852035765268,-0.0019077235298709696,-0.024187892505522834,0.008418689169357906,-0.02039620461781149,-0.012897092018204288,-0.004440147173382201,0.026457430145850315,-0.006651231014358495,0.021945401581338977,0.042043901547099735
1122,-0.0115730915662677,-0.001760913684019212,0.0012004697967506368,-0.0037608031407202133,0.0063907521543575185,-0.006693653072770621,-0.022545873427835764,0.020354979402261424,0.0013315833559081438,-0.001175053408589048,-0.02458555782529901,0.005840138685720215
1123,0.01702546963580152,-0.04254323332564328,0.02896485672388051,-0.021718556245532074,0.04324651143676987,8.076294947123995e-05,0.00356082896067567,-0.000687814478927689,0.012243777905248903,-0.012237751539657681,-0.013929069692742692,-0.015531719553753891
1124,0.007339147722089881,0.008246614112295284,0.020673266255358615,-0.00904408926591736,0.018310748482504174,0.021040696845088844,0.004934518153593221,0.0006153558452016869,0.0018239977600935247,0.021674843597433085,0.027228362129297114,0.028631331294587094
1125,-0.00539085143918981,-0.0018371735200729809,0.014315718646443142,0.04852306018069158,0.011710511381244666,0.0030475928254862818,-0.009897419416585312,0.018989554388485763,-0.005761432504875525,-0.009638695487703207,0.022017502763063176,-0.028550637962052695
1126,0.013762867335172914,-0.0017501169439821105,0.02491764118578197,-0.0015831337242604546,0.010248444369995667,0.010951273112559702,-0.0037409021238255505,-0.021000085259431048,0.021053836481169128,0.0070704542858724614,0.012461488147347667,-0.014682634884711351
1127,0.06388917102670368,-0.014914887944695617,0.034997762458270784,0.029246580240262186,0.04944690504635596,-0.024032680247539913,0.009401552840626359,-0.02811631177665316,0.057168401313015656,0.013464527808060466,0.009332295386868035,0.04644939152312267
1128,-0.006007622134166279,-0.02731645450647297,0.02388468010659787,0.02461191336611116,0.013183106693130027,-0.033343287558250334,0.009402621285603267,0.02071150802156409,0.041378995306243345,0.023449401069843858,0.00389619631331068,0.007406978567841637
1129,-0.020071203517360182,0.0017113817975988575,0.01974605182798448,-0.010202632750940367,0.022161918702397216,-0.009810611962971361,-0.04327132123178525,0.002971906084059288,0.023395539330852325,0.003675803608485897,0.0190635795287876,0.006709774303206248
1130,0.03199897624908141,0.022546607015639705,0.050042873388286356,-0.021510688340968392,0.037377126494361305,0.0009750462555098978,0.01662153785177368,-0.00564937628935315,0.016866885306418593,-0.0015369457776744902,-0.02149345306483915,-0.01006275924318981
1131,-0.02728467153218935,0.007796825057259228,0.002341832256264192,0.016063435672656865,-0.06378557636264379,0.027784763714537686,0.023973523139724832,0.015520774005814222,-0.03383802334346697,-0.02274739516847447,0.028539669608044674,-0.016682928482390218
1132,0.009222477389427932,0.019832738340521808,0.019077658504024143,-0.00022165440487950536,-0.03991356341689544,0.018809500992498635,0.01762593122792024,0.021948483159098017,-0.035201547050370666,0.002337249370374642,0.03830219192203802,-0.009122790274695577
1133,-0.013857563626753415,0.01376637420205582,-0.013162894720256965,0.00966807567472136,-0.032367289633730874,0.02796369326403846,-0.014995803623188276,0.01682584258976816,0.0009120214102796758,0.011355516065793752,-0.0171676212052736,-0.045368117594759276
1134,-0.00537131450253034,0.009338382549234933,-0.0009618470792049691,0.017617681674990872,0.02010548158846036,0.013608695288595919,0.02611755835181552,-0.02166116525466875,0.03373625181778571,-0.0032783612431582982,0.008595898082089855,-0.030572648422047394
1135,-0.005036637953409977,-0.031492947549904934,-0.015704400409096517,-0.006285804394658672,-0.007630853534375919,0.0006248036178490576,0.004190993608128995,0.004869798883110061,-0.005387530822963277,0.010869877975527733,0.02380021261408154,-0.029922700210060063
1136,0.03639587109932744,-0.007054438245273725,-0.014442357892189435,-0.02085320776896967,0.04103069309245432,-0.0029869197243344624,-0.019385810919131514,-0.0019690769200392715,0.00400436906333879,0.0004633633904961592,-0.01513069600431449,0.009419304010510256
1137,-0.030603909215369703,0.00795404906190473,-0.03635545027512682,0.0276189807782359,-0.03486545562424227,0.024660900894273776,-0.05819415748900441,0.02391620650238353,-0.04688712667270078,-0.0060034987994945525,-0.0034557210943547026,-0.019045092390883974
1138,0.020684330751650323,-0.020889167469071265,-0.01798514655640148,0.006568099917820712,-0.03176189625714881,0.01185673216784241,-0.020035221190967487,0.04384422529683162,0.00828923483223515,-4.091858759025903e-05,-0.0195522380086052,-0.009729986047443994
1139,-0.03316550667910493,-0.03029013198945709,-0.01860271394522266,0.05249262417040664,-0.028006067158499133,0.011707980136677777,-0.02474816475748861,0.02518414871061968,0.0011384361274565638,0.004686434520429149,0.04776108830926025,-0.0017308696590890272
1140,-0.013641861415431049,-0.01526472921526862,0.0034783349173193577,0.055517182805099693,0.046273836187460886,-0.0018426722777692018,0.0038138095017158425,0.031456602356730895,0.018479855033847685,-0.011367838565747175,0.036409515110010365,0.008477477777406152
1141,0.01815588303844877,0.009153722713286625,-0.0142886730172214,0.04016383038256207,0.01453679493095368,-0.021200308215014587,-0.03044666882332442,0.029376814689609353,0.004135022940617945,0.030715698633737364,0.007767932833223395,0.023871509867484684
1142,0.03426922624951494,-0.021400596084943067,0.006730858085313784,0.009770743039845348,0.011913851128066798,0.020714579641943683,0.007107323581317314,0.02516372655723056,-0.012544165809784714,0.006259255345729155,0.007815256685795852,-0.005487810440184502
1143,-0.0133071730431265,-0.012765982450888677,0.0033019484815623953,-0.022396056602645133,-0.003111470534693676,0.0065641038756031715,-0.019439736512464254,-0.003457551011747158,0.011810385213334508,0.0446159087808037,0.012134688449287046,0.02746326041485272
1144,0.02631045826333254,-0.012939301449637737,-0.013326062834621948,-0.011993049714096725,0.020097229680507207,0.007823733779203897,0.0007695537697578724,0.01640026792921182,0.024753724149141825,0.01187864354424338,-0.03283615647341222,0.03682387559383453
1145,-0.009452182966743253,-0.010812295576565196,0.021908045303466024,0.037663449240638656,0.03197374757894124,0.01966691498034867,-0.006390670455989869,0.0010112189231479723,0.023991226445084023,0.0043805075885859305,0.01066167363481346,0.04975286606772664
1146,0.05946945269442107,-0.015913410529230874,0.0025958120640624887,-0.00523404343251816,0.06475897031605599,-0.0031626734931470913,-0.007971194596646983,0.00919905812003889,0.0711468831526347,-0.013173469529839969,0.03781893903403497,0.01792803799041755
1147,0.0013530609579267914,0.00828218227465328,0.020675988775034015,0.02900204666539924,-0.03623642342183061,-0.007404079889764813,-0.010426508820687392,0.027546317127124572,-0.0264627146071747,0.004175087237145699,0.011712514795314632,-0.02764249971290403
1148,-0.023399262375664233,0.014749778816927642,0.009413664758783469,-0.041479270245587896,0.029590354754772587,-0.007716753643998221,-0.007624940585928924,-0.021406036262540833,0.0041359742915909395,-0.03184658593255057,0.023713414068086865,0.022095760963788274
1149,0.0021641400488495322,0.015016042342805788,-0.03943169110391258,0.01696609433470201,-0.002708316037291911,0.00809167722292048,-0.00730252260177331,-0.021495081004576998,0.01762817124572481,-0.021568513484923797,-0.030081917319461304,0.012362206047217529
1150,-0.015830992809995798,-0.020688899055642855,-0.00182906157558693,0.026084187224234195,-0.029368473288090412,-0.008434313990132532,-0.012548237292315191,0.015909249815513078,-0.015309113545061636,-0.010643820625885812,-0.0008737843739859665,-0.011147854956621385
1151,-0.017334103644153564,0.0010940412906437845,-0.007064184075216783,-0.0018313590325755573,-0.05018179884708296,-0.002936332600891553,0.006152356242512697,0.05087954087307165,-0.021903635359828928,-0.0005417518028074067,-0.0013608380843351344,0.04252177497025783
1152,-0.034051904312575466,-0.01864052622432664,0.00941485516454737,-0.025217752222633182,-0.030465249590015633,0.009103154085054356,-0.005703729389341298,0.01074987438555052,-0.012720010065746051,-0.03462316524494597,-0.02205938875512517,0.01189570684724036
1153,0.010295536327171784,0.01112554444124902,-0.0017648038750037675,-0.043898754003588225,0.037422730767713165,-0.024900755525658968,-0.026500922954221892,0.05476255766766102,0.029158668905730406,0.00782751339771692,0.010298876642361923,0.044928252735704825
1154,-0.015125566039215763,-0.01511762568096532,-0.003946369282559872,-0.014936169670342206,0.006857085362410499,-0.028379467273103608,-0.02197218792967006,-0.026828833138479894,0.03630635957056601,-0.012228928369958623,-0.012735752510547519,0.020469680703738394
1155,0.02034476737502587,0.01972016067864527,-0.0006235204912431676,-0.02121653621330654,0.0174149542305639,-0.003543692919060994,-0.005141527492001758,0.0039901633772281495,0.01381568307572445,-0.015467089785669666,-0.00773096426618178,-0.007001097153375103
1156,0.023891350604257965,-0.0170421674972753,-0.008906630371726116,-0.025541271731766152,-0.008439263430152033,-0.019648660265666966,0.008845946193219354,0.022025031031299314,0.02351056103245366,-0.007139719511346731,-0.00802592657509069,0.012799350131866236
1157,0.056976570598015475,0.0017249869864243072,0.015932182302249385,0.004293570546759454,0.023463045082463403,-0.01161424858889705,-0.03160747000800989,0.024058783169601188,0.03897379549038352,-0.010075078138278097,-0.012710502276490435,0.002641997688084119
1158,0.02721529604025728,-0.011958070195649224,-0.0019624756890176,0.0272417235959244,0.021108537319281185,0.009194284603203599,-0.010410829334130355,-0.029553474290402757,0.024450398450825018,0.018717873838500872,0.052769413182869644,0.018246907027747814
1159,0.0124759816530283,0.005126604164987929,-0.0172147487987195,-0.006250663734267852,0.006320613216916216,0.011224201754067615,-0.004073018913055858,-0.028258175735351346,0.03779980966688912,0.01766915392483462,-0.004175053512759874,-0.007318604461738517
1160,-0.009783966594427285,0.002415868695514866,-0.019079818019451675,0.0008940619632088264,0.041553756348582174,-0.0021347730761119826,0.002820400625222134,-0.014533212770183606,0.0006208954590111075,0.00289900112682768,0.0424090337496189,0.014144947907738575
1161,0.02542029736244892,-0.016456557070274408,-0.0005239119459977729,0.01806551296685833,0.006339106746904308,0.03666036050953757,0.004527421134137146,-0.0008913671258497935,0.01612268195533838,-0.0011387170101703954,0.007952244581392136,-0.0005900480221793233
1162,-0.02204128658790179,0.001224103441862164,0.021297077196810774,-0.000905089342604804,-0.04880509401938367,-0.01390016576085637,-0.030586347513143226,0.0007319220612408106,-0.04190818505839772,-0.015439220792153733,-0.0092170673365157,-0.021922600698250243
1163,0.012591194918625526,0.02215578277247232,-0.0008192202318870092,-0.007495286130634189,0.03012203765601465,0.013096737475290008,0.0040874072101282745,0.03016498657703469,0.01822201191078123,-0.043399341840973285,-0.0035278795795296164,-0.0071908116822082865
1164,0.00040711350166320367,0.008593940978137642,0.012714919156921531,-0.004931246558357647,-0.005798723531855443,0.0009018851834274445,-0.011755122180152865,0.021082707837320545,-0.02400217510087301,-0.011747815377402972,-0.04205946152953823,0.018014957656206587
1165,-0.03264038888143767,0.004686445994426891,0.01109887764128444,0.02773805448386929,-0.04705426953441576,-0.002257930086939676,0.0016350229968833854,0.015572552276638223,-0.012458702809341844,-0.01127179727619123,-0.05237033235742387,-0.006944528208123212
1166,0.011770409734441002,0.01805230248555031,0.026742006929346276,0.03220637336466707,0.019993066705547895,0.007772534691512009,-0.010613950680344743,0.026976963821778006,-0.013250955464269503,-0.013339404618305498,0.009268452977498393,0.010335765348637505
1167,0.016424968081047542,-0.001996042369646892,-0.006318324959819357,0.0020441710636629447,-0.014723772679649545,0.006289419762326102,-0.005798431828594312,-0.02290254858657469,0.005882598961815162,-0.013491999947750414,0.002649940747425249,-0.011021415881578083
1168,0.03590018589897905,0.005115186696072967,0.010789483803222956,0.0066745608545911005,-0.005069736236371556,0.001974631431149463,-0.0018285336995582009,-0.07373578503937689,-0.02400184040517883,-0.023948781299618003,-0.001151574301082604,-0.014501350031367256
1169,-0.0417230314758522,0.02334183038699731,0.009515820348714288,-0.001417536756853675,-0.014953781502437103,-0.00834557939259019,-0.0032170345045691665,-0.06861611848046112,-0.004495534543687324,-0.011530294750221888,0.030146536426182355,0.00407107095472643
1170,0.01346886775141916,0.022067627439154375,-0.01411987037414733,0.0024990302916790877,-0.032923185408745025,-0.0025053509039296975,0.05191079208392534,-0.013952072753156339,0.006099278730581826,-0.006496976710080753,-0.020605797105221504,0.007978337825638341
1171,0.05136751360177396,0.000513498761666715,-0.008976639611068366,-0.02979335994951421,-0.0023361767819455193,-0.012247206311436462,0.0437002742658808,-0.009943168487127067,0.030188615449433187,-0.004093132868254678,-0.0034714773264545675,0.026156557676810004
1172,0.03550240818130532,0.01228369127415307,-0.017094849044830326,-0.03670404682151022,-0.0060472534054081106,-0.02489893792121656,-0.0005105921442539152,0.009716961472864268,-0.005429211543854682,0.0032386241737979425,-0.028363647184144893,0.011101355258632532
1173,-0.011350027282936352,0.004155949958275959,0.01853915229853173,-0.009497536630395332,-0.07311501722776434,-0.00623784508057046,0.025122935652831444,0.030892292605611996,-0.01926774963422944,-0.011695109477111084,0.010232623226774209,-0.04108779343443052
1174,-0.006587411538889774,0.005714743892518882,-0.0018494180288695056,-0.04544663977768087,-0.04215455844970795,-0.02088325149124632,-0.005290104213928669,0.0015017379325848556,-0.048310274700778894,0.008072304806317026,0.038995922540728235,-0.032398667467733046
1175,-0.001315303476994549,-0.02697320196376843,0.004274928014306881,0.011491747478155376,-0.04125799742547653,-0.0163401494524976,0.01578115503602235,0.000887254190098338,-0.004063225886611637,0.00600802943308719,-0.0005899763351057443,-0.009909391642349425
1176,-0.02859240843257547,-0.025276953440338194,-0.009284848003651407,0.03048834425477723,-0.004238377988946354,-0.013053852603230385,0.0382517844167305,-0.008793782532207459,0.038625745578936506,0.016380677017406475,0.018651784901470573,0.0018652874978404507
1177,-0.012548259989644029,0.006728313145572091,-0.02088199893871775,0.011737222601074517,-0.038449339252473146,-0.015249765223933912,0.028227891838221483,0.0037171285427793736,0.014045596954268748,-0.005769519022736716,0.03843716946663463,0.011299656571425369
1178,0.015290874008655796,-0.002871002849124319,-0.01236214533819574,-0.004373424120371442,-0.0012746872074628332,-0.006293376904797367,0.01730954501411847,0.00017980364418684964,0.042704046280237815,0.0064867098887086356,0.026080917946387727,-0.01537188118877323
1179,0.010518464220157245,-0.0032802112067747144,-0.02848139998949948,0.01849305577768714,-0.004645648694905294,0.032910904258853166,0.026405927890419872,0.013073837172787569,-0.0022538745444946116,0.0017386998894438255,0.03087275205897497,0.024662751539595056
1180,0.0249069802586457,0.005975866674479631,-0.015452256974364765,-0.006123284207703173,0.020675159647652448,-0.040566345723741584,0.011273974628884013,-0.03346685331870785,-0.01388797679761667,-0.004433118831152386,0.04098527345223104,-0.003532951761415721
1181,-0.016728530255081763,0.008385722065449984,-0.005389325371921802,0.020867851147086468,0.016983046405871855,-0.030431620517834684,0.03418057383611862,-0.03100101979650722,0.02323713672989801,0.026161090117578275,0.0033006965285498364,0.0019162387278818013
1182,-0.0043038920736507775,0.017833312762400987,0.01714448800612824,-0.0024227629668409347,-0.0012524837159902098,0.0280938201425041,0.020551245104324125,-0.043889572100044336,0.006597578002778901,-0.019279575858956604,0.022151902695369825,0.024771461248651473
1183,-0.00676017077363302,0.0241021652381077,0.022147306490896586,0.016608592905255102,-0.024037871198062274,0.012559736466925629,0.01785963691353467,-0.00564244778868888,0.0043869055030077335,-0.025914879698876816,0.000937719444028357,0.042031564313518954
1184,0.01806408453734028,0.023539743486785062,0.020568167039318335,-0.008900390633919945,0.013228099038792568,0.015738775983828102,0.014591930711258883,-0.018381364703172285,-0.020113519694019543,-0.009775413321519483,-0.04436795841199379,0.013883890081685385
1185,-0.0023882786168891853,0.016806876943171477,-0.010583660425654244,-0.0405411577669369,-0.05746515710542359,0.0057942630089567754,0.03874263174703158,-0.015575959541587197,-0.008086094290903774,0.007925922049990958,0.04557026656771835,-0.0174718277528951
1186,0.018224509473644086,0.002716000113642214,-0.0018381605215880754,-0.017378297103107093,0.0007847185444105873,-0.0071948235750023395,0.019166718259185405,-0.010308114428471416,-0.010457509211952102,-0.006751266622633707,0.017868586329294518,0.06371510031873232
1187,-0.04581136457479461,0.02620297305631133,0.018957203678702326,0.0007851603440932009,-0.014008719992617045,0.004693574055217987,0.04139899655176561,0.009543074437248854,-0.05237132200218643,0.004878925177555598,0.005369699795759917,-0.025592799805493886
1188,-0.01898538426414396,-0.017545948674634,-0.006611982364469456,0.025613915730754448,0.003856294739610854,0.018061684227935314,0.015070492289580404,-0.023169388038787462,-0.020923468135881633,-0.013314829934888748,-0.014650888475366233,-0.013360397154087758
1189,-0.023343856021763483,-0.02904759519792529,0.023972158005804184,0.009699076950331644,0.005161727284516721,0.008412690939122197,0.0012103825400941166,-0.003580317127379348,-0.02636186387196348,0.01425971085143462,0.001271914445351089,-0.031181252676200037
1190,-0.06631634669977267,-0.0026976703148252545,0.003747183317826907,0.055818139854927215,0.009112980994639985,0.005782208818937647,-0.009236721326376544,0.05082463535560078,0.00514400201422166,-0.013109902301743161,0.040965463603828745,-0.0499653378194735
1191,-0.01780601846511573,-0.008491054531115651,0.021599678623411257,0.00511295771866572,0.01279514344837631,0.0027452861213577077,-0.0350063780916759,0.025783312955410403,0.030551700679921193,0.026796280252275952,-0.024405338846001583,-0.012704357570795733
1192,-0.0171487607842189,-0.05273329148933527,0.026710997523823693,0.041458870324188636,0.010638154914249685,-0.005778029467939993,-0.01704661865637464,0.0038832778841921935,-0.00781435849874371,0.022873386951204975,0.013636783803796508,-0.007077793673604841
1193,0.03097325772502533,-0.00355283456151578,0.0312812880627777,0.012982706552353038,-0.021045396694427936,-0.004033994328114236,-0.006610098407852843,0.011149392952618511,-0.004486550026583719,-0.011742038024258999,0.022762777150471643,-0.02649298428300655
1194,0.018683871096836915,-0.01403648513553316,0.008645028567722023,-0.03141427640670563,0.005765193045296335,-0.0035691356039718658,-0.004686477636446972,0.002467985406857423,-0.025276018817027027,-0.0034394666069707943,-0.013762228733306573,-0.001971984616502664
1195,-0.041532103057543825,0.0019985088469983135,-0.008047940195109286,-0.0009613563857188722,0.02464568304123,0.0061341232622864235,0.0029738087572794983,-0.03713349118793097,0.0007329665450432422,0.03863596900976667,0.0009556791181760608,-0.030328044618877534
1196,-0.005411255075123947,0.014559352386206684,-0.017949786972686753,0.017216861863276093,0.004566438713160134,0.0044094437483274546,0.016326863873008517,0.010628502929374128,0.016183585417135847,-0.0021804141449431242,-0.031026601454070123,-0.026112895279297256
1197,0.04462978552985533,-0.01554047449888115,-0.04261371725139217,0.04263471363082607,0.006632214609287025,-0.004077924184718318,-0.010739607134120638,-0.012370028050874877,0.01849184493739054,0.0033300762737698726,-0.018740734676847455,0.015411885849571356
1198,-0.013121227801390781,-0.0016930562776110384,-0.04677231812602185,0.022430537819407625,-0.029716307780090236,0.016527400214864638,0.005295884900957638,-0.03815253716658177,-0.00666901142243411,0.010461470318568833,-0.019716235585236823,-0.004313165205607443
1199,0.0027062443162861574,0.028774466598965147,0.007817819682280312,0.034687599864564295,-0.02524572096617856,-0.019583262443465265,0.037132232932449924,0.025132554268100085,0.0024922349284500762,-0.011173543492450025,-0.009952471801113555,0.004826392424390527
1200,0.019149936627735915,0.03801811511591886,0.0037145728945774986,0.025159643853359184,-0.029278789335215077,0.017070531871842355,0.022397854343939292,-0.019195946782914843,-0.026436381196061506,-0.0035597813666272586,-0.022089629166208755,-0.009416897410161593
1201,0.015981399835361294,0.0494314947101149,0.015824997315032337,0.02033068291933324,-0.02270396939525322,-0.011716253804053844,0.019699183453414326,-0.044277393480596214,0.001909340324436608,-0.034243162302013366,-0.020123419747961845,0.04318089874621196
1202,-0.01053577893263949,0.022382525694088284,-0.014341564684107848,0.014648443281561863,-0.010642365856708377,-0.03839308824437312,-0.006877069747670104,-0.018459556482330268,-0.023558357574690155,-0.0035894734784003607,0.017209484717739993,0.01190835056698117
1203,-0.0001719420169057801,-0.005075068867308038,-0.0065301692700790006,0.029983246957146284,0.0018513489583130338,-0.00446082215925508,-0.0021613153173607193,0.0043164705857897355,-0.002601403715320805,-0.019243285445155696,-0.0045468406019477815,-0.01431867492165241
1204,-0.001783124588653757,0.008958140603102802,-0.04218451689989471,0.023033095849449993,0.02233875940885535,0.005210759701832795,0.02719226944439656,-0.01714370000997983,-0.0010780229704346102,-0.006981328536286716,-0.007521132598657359,0.007439280077300812
1205,-0.037969705048738596,-0.002001323095409481,-0.01708228978076299,-0.055683029088440354,-0.0065457346264357116,0.0061759841260559415,0.0016444269714415711,-0.016601081788427667,-0.02691537535797413,0.008264450326530075,-0.010701117652235826,-0.01418854349795602
1206,-0.04478898669361487,-0.00456989297401653,-0.024597946524091138,-0.021908747293041486,-0.0501224237588182,0.00896194533195464,0.015561082307098902,-0.015518259988382414,-0.060393756578712196,-0.01420391878310947,-0.0075837143118422596,-0.0022276895641601896
1207,0.004578166979733852,0.011297825511711808,-0.008681764693566798,0.02052245361831776,-0.023820243174874186,-0.004860698155855926,0.016904277246674596,0.012104076381783012,-0.015139126279798434,0.011923862858823913,0.009861377868937786,0.0009356030333354776
1208,0.018410259412009217,0.005542312897853925,-0.0069911779178336774,0.02877468699940561,0.044963777855184364,0.0008912144978212867,0.03362600802463772,0.02069265221044703,0.034588307963804084,-0.04057834123411377,-0.014506954262807941,-0.0017998295723009108
1209,-0.006875771633044747,0.015699971639295037,0.008473788260291899,0.0038214273158711657,0.03568030727727712,-0.04432219830031094,0.011727509127309703,0.005536529681905642,0.0452985019716109,-0.023294670993419284,0.009774779366682185,-0.021120412902936557
1210,-0.012412390488414393,0.02851692421826818,-0.017091643926645757,0.022514064396752444,0.01330238892565048,-0.0064372856572656395,-0.010445213970519817,-0.030203041205188217,0.01008992264784425,0.005011735498054114,-0.023376062154844456,-0.04292686244553082
1211,-0.031083139524359482,0.005405070298931863,-0.029483155385729227,0.05116878011440482,-0.005333191603760118,-0.027434138945531254,0.012674103788248473,-0.029772595282882782,-0.0021986931338930566,0.004443640526752199,0.003177830425388922,0.04136363880421728
1212,-0.018395643983840224,-0.004911174619458065,-0.037052685511635104,-0.026052915448399692,0.02310666524014104,-0.014182866591966183,-0.023459692281812418,-0.05446201405860288,-0.02834101958602377,0.004590650081760084,-0.03089912498504327,0.001414064680774704
1213,-0.026475138974585127,-0.020926143673733015,-0.009038270380939836,-0.0186792562895859,0.02080592918910531,-0.008310231713407813,-0.005806525188944299,-0.030131697621071287,-0.04016700257159802,0.015998541733039724,0.003675643260197038,-0.03176683808070394
1214,-0.04483114443024261,0.01087110103418447,0.007097455572833035,0.0010080540701913445,-0.04478499633761948,0.0054254843804339885,0.0029621267999376598,-0.025529315734461277,-0.046149150870461564,0.040677428113399854,-0.005294840451417675,0.0008088426002596242
1215,-0.014591590457096492,-0.02571573454437649,0.004576351219640613,0.018183462911948424,-0.0029585552986365333,-0.007621231382437334,-0.03458314732870027,-0.03245026458786774,-0.024302376614393367,0.04688184821320962,0.008959993875040113,0.008833101257510974
1216,-0.012161415517385863,0.00957873576451558,0.0606651297089596,0.0005824668203331277,-0.02167092152156464,0.04475621029220428,0.021303840534350523,-0.027297169820196695,-0.02270863249796444,0.03805573832881101,0.016987382266732045,-0.004604535446968496
1217,-0.007271443700922868,0.0001303024896267884,0.01673123341883926,-0.03211537912497794,0.0005274312786239609,-0.020415903851621318,0.020798856477366446,0.018866491516545555,-0.01909954638349588,0.029539300939471155,-0.003787289428766486,-0.005531810607495561
1218,-0.01089035997618603,-0.003121532150268324,0.025139588217383477,0.012763217009013197,0.01063208186089307,0.028066038304032582,0.013023951051595102,-0.00043441691920295396,0.015517307677626083,0.004213762099185492,0.0015332271922744224,0.010166941380753105
1219,0.023793860984072258,0.019299403019923677,0.021850844162251012,-0.015032354074906374,0.05948413883855801,0.018364508683090502,-0.027637670090597775,-0.005560141901159941,0.012163305697277992,0.014482101155095977,-0.02733320783194937,0.032889144105514904
1220,0.006240557301572003,0.005162763885715472,0.01771796687263231,0.000658393626461231,0.019135592910781662,-0.012688339056724457,0.011920722863018684,-0.04191898783405792,-0.005760060556627198,-0.007148452196956855,0.016023989850997424,-0.00014255402428885037
1221,0.05229064614483486,0.004455368518576227,-0.0039954267387524245,0.023368872238203893,0.010610484469161042,-0.02876050361974817,-0.04306124666537186,-0.007090749446484664,0.029336926297038123,-0.005716297961272559,0.01214407079555335,-0.01607939757450606
1222,0.08125057530502994,-0.010704732092415188,0.002015298406543543,-0.007521165448722175,0.000998531344402041,0.00785773662474939,0.014681249237646982,0.016307947066350473,0.04507655326723727,0.011448170379267252,0.015545147258658321,0.034398106657543184
1223,0.037528998657844446,-0.035137719748021365,0.01376772877912511,0.01881810546801964,0.06092954796421673,0.006446226060378954,0.002697938567720009,-0.00495217944151378,0.024352622085250943,0.007878281449251486,0.03157228503011915,-0.0035606699432981603
1224,0.008516589313505926,-0.01640280367855203,0.04054499752393877,0.013272875918024356,0.0043711313689084414,0.0006236137300491456,0.018969043879827816,-0.02748682938040252,0.015399346603788175,0.0021444145496916944,0.008943186187413311,-0.04286496430203837
1225,0.05564090858531581,0.00027774067080591776,0.00962762719210206,8.118613551441222e-05,0.029184089169313494,0.007717493015467885,0.007117143017643831,0.025269402120173555,0.0021169392834785032,0.0032480212907299985,-0.021275482909303062,0.012869726083899103
