era,numerai_corr,spearman,n
0575,0.08199447933249762,0.07487939900922586,5592
0576,0.06393407773426371,0.0636945145216445,5638
0577,0.06432614693469157,0.04797349077310894,5675
0578,0.06255746062002084,0.04981718279647389,5786
0579,0.043191516519465775,0.03823738757248848,5868
0580,0.03765994852456608,0.029368159849938492,5875
0581,0.030272378591845315,0.02469228873029397,5840
0582,0.045173861583670066,0.05119496769879357,5819
0583,0.04116105105818015,0.04378155702734301,5814
0584,0.053373087252204056,0.06124354318358741,5840
0585,0.04178465136495559,0.04338316433653438,5848
0586,0.03526744254842055,0.04006965861844644,5928
0587,0.04983270281712654,0.04677138847084457,5945
0588,0.03649348984506692,0.03914020925568961,5959
0589,0.03704045327938367,0.04558600439367152,5949
0590,0.042528997322651606,0.04998858401665731,5893
0591,0.05171176293245737,0.05376548623638927,5794
0592,0.03954033369595478,0.04446425421575634,5696
0593,0.01523265143408887,0.009106760598139713,5633
0594,0.046541094751734124,0.03719746540148019,5665
0595,0.033722993678409266,0.02920919756207197,5697
0596,0.03607863752197249,0.03240819758608838,5710
0597,0.050362169938686606,0.047748645003842426,5753
0598,0.04325285922432215,0.041116716307417964,5775
0599,0.054873337727729954,0.07185805141910223,5832
0600,0.06060274944942927,0.06961778447633708,5855
0601,0.04288944880943258,0.049842065651436125,5834
0602,0.029631141892492274,0.031011207655731773,5829
0603,0.03137483302810528,0.031634309316527665,5749
0604,0.010064856318624079,0.007354654397880815,5727
0605,0.03184686389012027,0.02206150836888934,5717
0606,0.04011069483494381,0.03366015111557676,5706
0607,0.024085007260183665,0.021277748087819695,5698
0608,0.04064201903886015,0.029059117591351824,5706
0609,0.05977158013376949,0.0379481682373226,5666
0610,0.03992695501920488,0.03876580145221808,5664
0611,0.05715419398570372,0.045351039224252265,5682
0612,0.062427161032195685,0.06842380225365013,5739
0613,0.059841785967276906,0.06192787278950687,5888
0614,0.06489228108709509,0.06738525810524815,5896
0615,0.029411979866529363,0.03619423128167804,5901
0616,0.048839746624793595,0.04775245956194628,5966
0617,0.03254608481258358,0.03277971946310495,5952
0618,0.028935934583172392,0.025507964266464653,5957
0619,0.042694011085889834,0.04490700582621783,5967
0620,0.03947804206984762,0.034484040221558834,5888
0621,0.04255660775661341,0.037562489631628386,5899
0622,0.051270693749065246,0.05234514564320496,5869
0623,0.04753049777658458,0.04043303908681372,5865
0624,0.02597167047902734,0.011082005791916523,5868
0625,0.008392872599372143,0.004082971779666461,5950
0626,-0.0006760127331276042,-0.008126973647468517,5884
0627,0.013550435075377908,0.012307241496739714,5504
0628,0.03376916576245693,0.032199177651066065,5522
0629,0.05025097927205097,0.05730343962548521,5450
0630,0.048432200072490106,0.05320638323794098,5579
0631,0.04963338058827376,0.052418609735128074,5678
0632,0.02319453828108695,0.03192577936103069,5691
0633,0.045415466659611145,0.04538963337079512,5674
0634,0.05386958769799126,0.05727240192209956,5657
0635,0.05617685796416635,0.054014520300207584,5725
0636,0.06364165628500315,0.07512071850788038,5737
0637,0.06776388093096423,0.059415392500336436,5798
0638,0.10932497383502941,0.09915921439250011,5870
0639,0.09426564085838081,0.09206229703090545,5903
0640,0.07900497644999138,0.09978296745939856,5846
0641,0.08101259203595386,0.08029271553224919,6000
0642,0.050062028931596725,0.05886911503764236,6034
0643,0.048040626185892124,0.054800517134949996,6022
0644,0.04154802368767311,0.042425592051709676,6076
0645,0.04178924001353778,0.052091637061831245,6065
0646,0.07152032677493134,0.07075220601984923,6041
0647,0.06721461975395714,0.05984244622216727,6061
0648,0.04829319045387904,0.04835185511934297,6016
0649,0.05377141226547196,0.04490208739670883,6017
0650,0.07153578062298928,0.059358351117053024,5986
0651,0.04782588733190208,0.04402082281978432,6020
0652,0.05668648584992457,0.04383282527908094,5983
0653,0.03746664522150805,0.031230392931965268,5968
0654,0.04433835203113213,0.04361413030470391,6037
0655,0.053702700482448955,0.04333216499133888,5954
0656,0.046501509298566154,0.04963538580338549,5901
0657,0.04618567032581073,0.04114799730766701,5825
0658,0.05717355501762283,0.035932084467935985,5756
0659,0.05354680674950505,0.03224738015801078,5712
0660,0.0584568891830208,0.04352878418314085,5722
0661,0.037539436233611646,0.0254058513265275,5803
0662,0.03778606963048631,0.02183843166891906,5836
0663,0.05777871270335786,0.031220677047696828,5809
0664,0.021634578734739052,0.015444587955495144,5783
0665,0.03515016597225007,0.03012616807226346,5727
0666,0.025177140206156984,0.020428531236787898,5705
0667,0.0351992486085967,0.038476151891080015,5744
0668,0.05695779206476587,0.04168537400734271,5760
0669,0.03674628919384158,0.02540588379491924,5750
0670,0.04161657313257518,0.036670189715481714,5709
0671,0.059635721818344124,0.0392654779836046,5707
0672,0.06495953088777859,0.03708761004065894,5691
0673,0.06816854590897621,0.051282705514570495,5713
0674,0.06583567010959909,0.05252995488030932,5669
0675,0.06336271301015674,0.04890283837429394,5701
0676,0.0440857397440546,0.03469045308630103,5663
0677,0.02440930309280032,0.024519251240942088,5662
0678,0.023215647540436885,0.030661896783526932,5589
0679,0.018458646953623717,0.005358856363277721,5683
0680,0.00040533086884500833,-0.004454698953566022,5585
0681,0.017190234219538407,0.0075804142579522504,5550
0682,0.04200037982770527,0.01728097082947662,5677
0683,0.06363152631319208,0.05247536271317374,5735
0684,0.032737453244897755,0.04845675524918313,5705
0685,0.042033927969687454,0.05419787359355638,5627
0686,0.03361789545954837,0.03770402031345763,5624
0687,0.04395932029559534,0.04653720077423849,5612
0688,0.0455018426882013,0.04866879080671689,5675
0689,0.049729026964125574,0.05126798095617359,5684
0690,0.05508531557185235,0.054795019241434276,5770
0691,0.048353410990190894,0.050554368576457044,5850
0692,0.04507664051933214,0.051602639363141765,5753
0693,0.04106957204737464,0.05425356757943518,5694
0694,0.04907438857732064,0.04728370187832815,5675
0695,0.04438756795695497,0.04258999667101286,5699
0696,0.03052419860309215,0.04164287605726566,5681
0697,0.04286080802763489,0.04410684522392596,5649
0698,0.0359140212573814,0.03429442296375603,5642
0699,0.061591387605257335,0.04534048904978699,5624
0700,0.05104399073590383,0.047888420233877634,5594
0701,0.03259454054177646,0.028271635324481275,5610
0702,0.03141693650852351,0.018365289722076204,5585
0703,0.035197198979048626,0.030706589807588287,5641
0704,0.04774722702439837,0.04638238568492795,5656
0705,0.06681356063793303,0.07335972791121247,5760
0706,0.07476936297649903,0.06868658798754126,5734
0707,0.06145869442568323,0.04913156432471261,5757
0708,0.04662050658930283,0.02917780435399823,5708
0709,0.029869433674195228,0.02907278237765495,5681
0710,0.023821457869522746,0.024835142728200903,5722
0711,0.041830587710970396,0.044291118318860435,5709
0712,0.04624202032671658,0.04751262509450292,5685
0713,0.03633245143123058,0.03899170966804674,5686
0714,0.04847160871913321,0.031562026823441884,5683
0715,0.05388893366055793,0.04162328297816277,5650
0716,0.05352530451924264,0.047921018417811954,5684
0717,0.08127670507100725,0.06892461320434577,5779
0718,0.08807849860836012,0.0814183859826817,5760
0719,0.06238444587573999,0.06908128744500494,5740
0720,0.032804153141893444,0.03569943600572259,5688
0721,0.03496447625093012,0.03880779675029308,5649
0722,0.028730925562633444,0.026853380332651274,5618
0723,0.048233665825975186,0.043209315755283896,5631
0724,0.04551287941469943,0.03961914637862846,5703
0725,0.033212188981444214,0.024653474543508323,5798
0726,0.014405498732536185,0.010652214184507099,5815
0727,0.020178648095098835,0.024907953460299025,5830
0728,0.03554877054962565,0.037893175128010895,5793
0729,0.05301198301926508,0.05599916167245969,5842
0730,0.03429852097551843,0.04511251971745841,5837
0731,0.05394647620810518,0.05900484284191328,5699
0732,0.06133974484480667,0.057446449067436844,5634
0733,0.04788670866684758,0.03914980365550494,5594
0734,0.0470703897972021,0.04909072811471802,5616
0735,0.0576490463268603,0.054068796760678314,5694
0736,0.07110000733951802,0.0709561782363025,5713
0737,0.06369902550848122,0.059592535188110383,5742
0738,0.06744248582773303,0.07449014494738262,5817
0739,0.05342744250570285,0.06451984222863735,5891
0740,0.08564680420957727,0.07545391784703379,5938
0741,0.06940451106840537,0.07228308310654635,5948
0742,0.09663382526582177,0.08721246876272214,5967
0743,0.08912746053911019,0.08590480599627938,5982
0744,0.057530432152068274,0.0639716949775651,5945
0745,0.0649750694169308,0.06363063894722282,5971
0746,0.054681909852084605,0.06832169388594712,6012
0747,0.05142270509430836,0.05369225154930782,5896
0748,0.035938800287764944,0.03960794569286962,5901
0749,0.01689686813023751,0.028321283520157527,5871
0750,0.02092847087734522,0.02034661247247089,5949
0751,0.03363289959109525,0.04321129797155652,6029
0752,0.04063242378835621,0.044612359306743954,6009
0753,0.04302103467320805,0.047852183901281244,6038
0754,0.0632682325578707,0.053408057592865564,6022
0755,0.0630930090146502,0.06314836635116332,6016
0756,0.04803289666232647,0.050536362904985095,6030
0757,0.04884698095166838,0.041259331319241435,6066
0758,0.0322094525952652,0.031135978709990724,5975
0759,0.0359228596230941,0.04293452092559053,5922
0760,0.03381543213956683,0.0391970182489327,5949
0761,0.0238691144888632,0.03850999207340023,5972
0762,0.04480320161448916,0.04469299210815474,6008
0763,0.04696310231490365,0.04169055505697738,6049
0764,0.03483348309698098,0.030044812317897896,6040
0765,0.05467753000173497,0.04040381341797001,6037
0766,0.05060303542037891,0.050045863033348015,5917
0767,0.05235845932477328,0.049186597065646376,6039
0768,0.05137926182502524,0.04539665804967785,6102
0769,0.04488807583071146,0.04746902078559425,6261
0770,0.03896869593861508,0.04006376657930351,6302
0771,0.034372357513712905,0.03859811412823041,6297
0772,0.050433248604378735,0.049540038133354516,6265
0773,0.02656374951133014,0.02887907799605094,6202
0774,0.04423539294274086,0.03398605879650829,6215
0775,0.029141849022540935,0.016478956554966756,6302
0776,0.03909340359516357,0.038678111211814276,6352
0777,0.07425419121718338,0.06588715795268321,6391
0778,0.031228700910358738,0.03716761170682107,6407
0779,0.011970790608805206,0.011126493127607068,6413
0780,0.015432630596879495,0.00408330396143613,6367
0781,0.01368606940527725,0.005313145566162029,6379
0782,0.051343560937989106,0.04609887904427813,6364
0783,0.05810071014021038,0.05507544542678448,6228
0784,0.06769604328732785,0.06411102954043192,6212
0785,0.060610223088867474,0.05400493965805321,6210
0786,0.05561483206121241,0.051146244512936256,6306
0787,0.03329963740575592,0.029946272433294868,6416
0788,0.03057679196734225,0.026897222702103492,6501
0789,0.030218727157192697,0.01822159760527471,6552
0790,0.035306755848898926,0.03783075002396015,6567
0791,0.04386338103818238,0.049079464218282215,6514
0792,0.045297431553176816,0.05486505475096656,6470
0793,0.04053352417823947,0.06006061062471438,6346
0794,0.04767932785627513,0.04470748305375015,6413
0795,0.025547815686081853,0.025698755177303245,6431
0796,0.029780600844151097,0.03973239793581006,6376
0797,0.029312141327720746,0.03702860032184823,6395
0798,0.0367592838575641,0.042824642103631315,6355
0799,0.040026962648377414,0.039216203242948645,6334
0800,0.04019137259695705,0.04464468731218053,6254
0801,0.03844214788367173,0.043223715278326795,6242
0802,0.05846717487252277,0.05403252425064448,6246
0803,0.04576566180536933,0.048081356201287055,6266
0804,0.06407403786439247,0.06510332333141194,6283
0805,0.051560701476355615,0.04514942102872777,6343
0806,0.04682486041751491,0.041704200698449524,6336
0807,0.04156575487116292,0.03374856130259651,6309
0808,0.041378797302277066,0.03771539099735384,6354
0809,0.039048448238336586,0.05663693835582533,6398
0810,0.044832860092645525,0.05821368763904307,6348
0811,0.057827219175119585,0.06780660763753954,6270
0812,0.05085767315436387,0.057928628915562844,6132
0813,0.061232966085985246,0.05664850072704631,6051
0814,0.05605806493434352,0.04230797013734581,6089
0815,0.029186958844851976,0.019294501769630903,6087
0816,0.010894252195322284,0.0007124847192126852,6107
0817,0.012289645807475163,0.010685559969622277,6096
0818,0.012665769258567567,0.02369246196151561,6046
0819,0.01221891222639559,0.011814643393424841,6058
0820,0.0019475390826496043,0.01524405844740322,6024
0821,0.0024388771499733075,-0.01085286832770378,6089
0822,0.014081839288272708,0.008163366597893943,6141
0823,0.038674629952250475,0.025233381658389828,6129
0824,0.043280728219448526,0.03228225663020611,6191
0825,0.027577760284072324,0.038283551742467156,6144
0826,0.03537393021340449,0.034317453214291395,6095
0827,0.025294917531430948,0.02046601561744466,6142
0828,0.01779604434860692,0.019671575115046937,6061
0829,0.044583005018240855,0.04413014225880128,6035
0830,0.05715158922725302,0.05342566920974926,5943
0831,0.04240736827429936,0.026935972019136785,5885
0832,0.05803319605229941,0.04676947656437889,5944
0833,0.05274388393925217,0.05503508784243993,5915
0834,0.04709824461810475,0.058206527278056135,5949
0835,0.07159912091155089,0.0825727631506711,5905
0836,0.06004282848194893,0.055201739760739554,5838
0837,0.04681260800653123,0.05723829225530533,5771
0838,0.04253444381563019,0.048885524806336386,5693
0839,0.034562129783903016,0.04085633403374273,5765
0840,0.04314816679182785,0.039327077073039576,5796
0841,0.03601629352062034,0.02560633340565982,5772
0842,0.02408644135484981,0.022107449164507922,5790
0843,0.038153855577357045,0.030346742105101736,5843
0844,0.04246782160346275,0.03530153340707272,5895
0845,0.048228315153123376,0.028074725148954774,5953
0846,0.06050542722735347,0.051536296586625896,5978
0847,0.041861258415703845,0.03941868059807423,5993
0848,0.037565990069928,0.029435415530667603,5982
0849,0.03462213704767699,0.032805896057239534,5990
0850,0.03749464412564474,0.04626854407442663,5928
0851,0.05471740311285754,0.0545281022927519,5880
0852,0.052888442974156416,0.04396691831970028,5818
0853,0.04987266516379742,0.04922686569188326,5836
0854,0.04091022955313836,0.03350480910121795,5827
0855,0.03267130761861921,0.031511752739368355,5848
0856,0.0291887918729005,0.023754510411633897,5828
0857,0.05623672248567949,0.06497680148187605,5822
0858,0.04168240484293375,0.04706224631443848,5774
0859,0.0405008247509743,0.041299696766077074,5799
0860,0.04583062252647801,0.04561006380176489,5811
0861,0.01906390072256708,0.019598471124639395,5817
0862,0.02183204347965923,0.004940254060083482,5874
0863,0.027444545793734152,0.025890333349367224,5860
0864,0.007161835269053879,0.0013378788249992601,5811
0865,-0.017700895624168433,-0.017566222674130827,5779
0866,-0.003543569744895357,-0.01319422576576128,5790
0867,0.002117977637717914,0.0037643712342209468,5820
0868,0.011553688660887426,0.017699593129911526,5846
0869,0.051839472601284006,0.061378595641405416,5797
0870,0.05564638332252948,0.05645960014610214,5782
0871,0.04560259836499839,0.035728149209051895,5715
0872,0.03529759375121995,0.033540456201442984,5743
0873,0.008161055775734932,0.0025210756373150634,5852
0874,0.0008923513673731958,-0.0040775131145068975,6146
0875,0.00261922405658777,0.016904500729098517,6141
0876,0.019595688079964355,0.03149043875565806,6080
0877,0.03406018383957329,0.03577464167841263,6044
0878,0.02735136817437383,0.020184660871436166,6016
0879,0.04690013109353737,0.04201128845037754,6055
0880,0.028075869339252758,0.015200366366261446,6123
0881,0.019037364789099155,0.004311707440236985,6160
0882,0.017590871306974794,0.004588501235856957,6175
0883,0.014845566777822118,0.0007379642709594997,6155
0884,0.015077148840463257,0.02387084919625709,6127
0885,0.029976779153757262,0.03995965999061942,6127
0886,0.009754078833848134,0.01660628092820931,6200
0887,0.02733870682433212,0.0303262162000434,6173
0888,0.030494075302324567,0.022487635913679502,6121
0889,0.020340371484566907,0.011921185192832362,6165
0890,0.017613139505109968,0.005371590348174527,6131
0891,0.028277586313980904,0.01747452695587917,6208
0892,0.03644720964921185,0.02205880082629719,6271
0893,0.027348054936818952,0.016841878829661233,6302
0894,-0.007099014294953657,-0.011679608732451061,6302
0895,0.01074585317176703,0.009602032758598346,6299
0896,0.02275546125072095,0.016231695011648558,6325
0897,0.036273490905985105,0.03318508070258229,6400
0898,0.05563672548392721,0.06343097020989101,6441
0899,0.010531953702792165,0.02715449026873498,6463
0900,0.02193485358081081,0.034138532880218245,6524
0901,0.02390340403405675,0.02479685657573335,6459
0902,0.02926376638938831,0.027690503421049437,6402
0903,0.034141592524504064,0.03493563675232163,6272
0904,0.031090853772603864,0.03806124781282935,6136
0905,0.032220798021657955,0.034969498430208815,6192
0906,0.032135021955680146,0.03824364864268475,6157
0907,0.03935602440206169,0.03879530129804154,6134
0908,0.03752047078442928,0.039796760020359145,6205
0909,0.019995752729616505,0.0380142167472658,6247
0910,0.039651888552834455,0.0418303128791096,6364
0911,0.03795492427829585,0.03295753075806589,6430
0912,0.052819445313466655,0.05372076908930202,6488
0913,0.0457245087155356,0.03925741652778274,6279
0914,0.052869233452163385,0.0496793548926326,6409
0915,0.0467075987634377,0.0409130669717142,6332
0916,0.03153350798967711,0.03138219192648123,6316
0917,0.024032299441786826,0.026660977676395293,6301
0918,0.045400340795541526,0.03449323234707275,6280
0919,0.017500466196195344,0.01955317572290296,6309
0920,0.0058757477063055,-0.005104487799414581,6313
0921,0.006088647629042437,0.0030853221227673793,6298
0922,0.03021421280139796,0.017481250446923502,6314
0923,0.04720130055457168,0.04461648645539494,6356
0924,0.04717730619338422,0.04424260143779505,6334
0925,0.04423023820890122,0.03890106484764276,6374
0926,0.048888210253065605,0.03452825316996747,6548
0927,0.03973872896712277,0.03099654575958672,6508
0928,0.0325838682478953,0.01978390871576057,6474
0929,0.03449381993091238,0.03192794440571818,6400
0930,0.03150982162765338,0.03736600168514531,6330
0931,0.03281356089755545,0.026311965412891113,6316
0932,0.05075404165910908,0.03883992834413644,6368
0933,0.04525874137018085,0.042019011374763014,6500
0934,0.0531675272855897,0.04213049250416766,6610
0935,0.04224123288517176,0.03585363154197173,6811
0936,0.056232304288727775,0.06487856914312615,6925
0937,0.05512108101170701,0.053958904960890015,6913
0938,0.051102761588277666,0.04345500742664425,6966
0939,0.050193039100509804,0.06141613932389708,6866
0940,0.04597477537214158,0.05104261038643904,6798
0941,0.029268744330312613,0.04382928932384389,6842
0942,0.03841514434706384,0.04602735237978577,6846
0943,0.03567574012300037,0.03355431895664409,6898
0944,0.0289025934773066,0.023378353144216924,6953
0945,0.017422503984789527,0.011137232456781198,6961
0946,0.03916142895208797,0.03551899830045367,6963
0947,0.0631316963320751,0.057443862211167,6996
0948,0.06579836953813996,0.061203193041553805,7033
0949,0.08726029548628293,0.08972286615156479,7168
0950,0.0865998296744846,0.08999717662159255,7246
0951,0.08942080342394039,0.09107862476751868,7309
0952,0.09251423981023382,0.08037177898837461,7246
0953,0.07128237503867074,0.05788273828879006,7225
0954,0.037827733872814226,0.0278917475582673,7191
0955,0.025174957410185883,0.009732631588356985,7067
0956,0.027775401837496237,0.011193520920953772,7033
0957,0.028520932329037445,0.01379826157139927,7021
0958,0.04359452083294942,0.031811638820727406,7058
0959,0.07102793664746547,0.05822041396787498,7117
0960,0.06754835423962029,0.0526344972701146,7119
0961,0.0748340497311526,0.06746096500345358,7103
0962,0.06764611834334246,0.0729018847183131,7040
0963,0.05030129328741646,0.056643905329776756,6996
0964,0.04181530944711635,0.05655179113984538,6988
0965,0.025967182697168117,0.04168997587217051,7027
0966,0.04753188563849683,0.04289876941179969,7070
0967,0.030857960909839183,0.03562017715252294,7063
0968,0.040370099045880806,0.03794653785988602,6998
0969,0.04555235208267325,0.0456795351723942,6961
0970,0.03972500811224302,0.0260001426063042,6862
0971,0.03970535129322773,0.02664973651173582,6870
0972,0.03549972153195403,0.03619620495424523,6835
0973,0.04088671149530612,0.044248971199383716,6825
0974,0.022965210531436155,0.03926607278720901,6836
0975,0.04626949278009025,0.045081938376956086,6904
0976,0.0428042260346273,0.04252306434690601,6922
0977,0.05899759678224104,0.04329486496551912,6930
0978,0.05733618283140055,0.045035011631515263,7173
0979,0.03077022773608991,0.01878630829818218,7188
0980,0.03245283990311749,0.022550064756414447,7167
0981,0.01315617033644368,0.017847528957070466,7095
0982,0.003754210567100403,0.013003747098729184,6991
0983,0.018954926666519455,0.025864852676350844,6934
0984,0.010902372860353353,0.011984598084762585,6941
0985,0.01680868385456128,0.026960818173361257,6955
0986,0.02647364156599058,0.03814600593444878,7021
0987,0.04013285388189808,0.03350342345649935,7042
0988,0.016924345484077855,0.013505641971397782,7105
0989,0.020767526417187834,0.009896580745351028,7093
0990,0.032819235558691956,0.016491305630618576,7094
0991,0.025009202630677952,0.013197112565113016,7016
0992,0.02848519249436764,0.015480045044359403,6871
0993,0.020961722392908617,0.013155843972588187,6863
0994,0.042369902388206815,0.035844023624769884,6844
0995,0.041358909457225874,0.029556483031865564,6853
0996,0.0443311237542954,0.0414868442804888,6943
0997,0.056718221835639904,0.05940383836750125,6916
0998,0.047422214142574796,0.048923582739987606,6946
0999,0.042364076786337516,0.04293271468750839,6906
1000,0.034732876395040246,0.03313158078073703,6874
1001,0.024260402359181133,0.016435570040881427,6878
1002,0.0238194744337713,0.01114374061454914,6928
1003,0.033927306313103346,0.02327424518846595,7018
1004,0.04153320779993309,0.021878842380469856,7001
1005,0.05416468461481706,0.0384864144090157,6989
1006,0.02643828502686468,0.02840813003939939,6911
1007,0.016749324345112386,0.012102512822268737,6823
1008,0.02276306812665456,0.010018479813663012,6687
1009,0.026982811990890518,0.01968913785127728,6688
1010,0.03961555049177563,0.03785062702038138,6587
1011,0.014537646254032203,0.021493965097679,6582
1012,0.008407525276698465,0.017127020002478094,6625
1013,0.023623850247050174,0.03645906670839869,6474
1014,0.03663771512619541,0.0436782339468074,6503
1015,0.04939654333656631,0.05166860453583683,6397
1016,0.05682327378746813,0.06262025187511346,6392
1017,0.04819459649372116,0.04445881275155981,6551
1018,0.04072579511956946,0.038106050611111796,6632
1019,0.033770660482690354,0.040363015758165276,6584
1020,0.011206915940106492,0.01425405837773502,6452
1021,0.014031690046133817,0.012468639141176472,6397
1022,0.004180862398550135,0.004189368837763236,6335
1023,0.006786580030680807,0.016716970316142433,6336
1024,0.01732025243547815,0.014427668206240207,6389
1025,0.026954104536225612,0.028267233170379838,6419
1026,0.039080954386933715,0.042912329818423155,6424
1027,0.036158115241569755,0.02993218564743826,6418
1028,0.02601010674871885,0.02288367206931275,6362
1029,0.011906258965442259,0.00498643125359102,6373
1030,-0.0034298278061821877,-0.005006757721776389,6415
1031,-0.0027213596518622994,-0.0007048713651939024,6230
1032,0.0019995371507722185,0.005981810892169204,6204
1033,0.028597759032615244,0.02941134725157389,6117
1034,0.03074858082004501,0.04043546794037735,6062
1035,0.03438185675525276,0.03872453307323,6008
1036,0.05664093420461455,0.05909872208762609,6030
1037,0.06922156216989864,0.06235074163839976,6092
1038,0.06467187892653214,0.06692333220455167,6188
1039,0.051642676026982616,0.049783381901214785,6212
1040,0.025675960223407304,0.01891466556458028,6297
1041,0.002269723485051449,-0.006991404859866234,6263
1042,0.015921007065027144,0.017232283071479754,6222
1043,0.038312119260023224,0.027995311333382032,6216
1044,0.04450984569850366,0.043567300985791015,6086
1045,0.06604466332731455,0.06183179161670292,6027
1046,0.04393393397405147,0.04406555239422352,6007
1047,0.050742696370771494,0.044907859518327355,6029
1048,0.03754872344522455,0.04620406557128826,6099
1049,0.04924311383658211,0.05833113108879812,6215
1050,0.05662466549264994,0.06129890700036923,6220
1051,0.04044317092986724,0.050137459432094425,6284
1052,0.0401039265303314,0.03584407410169577,6318
1053,0.0197281367964023,0.03125785807473231,6335
1054,0.00357418826654373,2.4187770556884888e-05,6378
1055,0.01820942196856895,0.013891461162189075,6455
1056,0.025678189220455224,0.009977543685606218,6492
1057,0.01269504265330037,0.0064271798052679616,6442
1058,0.011467053548630939,0.0028702173356557883,6391
1059,0.016736641232478,0.017511905437707115,6304
1060,0.022269302582431764,0.02012465540381767,6291
1061,0.014142987581471568,0.015678867982090946,6231
1062,0.02505724239652351,0.01582852743755993,6213
1063,0.037639245658328685,0.02826981258149555,6210
1064,0.020274276017613283,0.02377751417656121,6201
1065,0.030464136012436194,0.030717585673655495,6209
1066,0.03446058165715699,0.017871585133759464,6271
1067,0.013813812112763897,0.016449319450969703,6280
1068,0.0226335322553534,0.0242036332142327,6358
1069,0.02508192701245283,0.027841839791098423,6356
1070,0.018940633005220437,0.021835048366471484,6399
1071,0.030240672745306955,0.03529092964900136,6353
1072,0.019247128481449056,0.016662477501812677,6317
1073,-0.005360961493541928,-0.001809233053254536,6263
1074,0.003236441279271716,-0.0037709400976522565,6285
1075,-0.016108397323426497,-0.007218267482380421,6296
1076,0.025627013727074044,0.025301658544710514,6272
1077,0.05009899415859792,0.043271932262598435,6245
1078,0.0463658852585767,0.044093609079221344,6165
1079,0.05735322465740665,0.04705186449667036,6141
1080,0.04101363302008569,0.041989988789480494,6118
1081,0.03376665719431022,0.026656300227554545,6147
1082,0.029485613899005753,0.0224508364683971,6216
1083,0.00924992095001399,0.009858243812150714,6190
1084,0.010345755004425763,0.0025027174719019513,6153
1085,0.017798731530931682,0.013443550365418219,6096
1086,-0.0011368895245303903,-0.007388673835977273,6038
1087,0.023891762423182663,0.018342571343933318,6026
1088,0.016733483185279244,0.018265947700706688,6043
1089,0.025752557383354472,0.019752036369742366,6041
1090,0.03388551377542485,0.03437501365418635,6109
1091,0.028518151843342783,0.022650824918885502,6117
1092,0.02147023344822382,0.02254009852768671,6144
1093,0.03504262797162015,0.03781628540560682,6210
1094,0.03192453473806746,0.03081062863949604,6286
1095,0.03229261775720034,0.041632371701003375,6393
1096,0.03408443303703576,0.03881646215051353,6402
1097,0.027203617467577084,0.03619609538608152,6335
1098,0.03250142331274772,0.04888906196355984,6282
1099,0.010357982471482442,0.018847516780333817,6229
1100,-0.002549253305650519,0.006933537146772751,6220
1101,-0.005404325789594431,0.008891596720221176,6218
1102,0.03210705750318739,0.033728645998491256,6244
1103,0.031168791063079206,0.057496639424422104,6296
1104,0.028533702122596295,0.03864973745412188,6303
1105,0.06786490148174848,0.06028329875686056,6389
1106,0.06695748847080504,0.0662224332714812,6470
1107,0.06192241672000318,0.057626506756093265,6502
1108,0.06384785977882346,0.04995338023305519,6547
1109,0.04239586927047257,0.04421680229500615,6531
1110,0.03983504049199136,0.04461409946292551,6511
1111,0.031572091465640224,0.0318142923374128,6468
1112,0.018325180794362905,0.011439298049804552,6430
1113,0.00782705110630217,0.008807423570799545,6378
1114,-0.0033977119683078452,-0.002454438765171232,6329
1115,-0.008060545782089005,0.004285307455528081,6328
1116,0.009398796305476515,0.02268032890968517,6357
1117,0.031348627108321356,0.03899184672407521,6382
1118,0.025214417537601636,0.0318745409267535,6378
1119,0.013624275026615552,0.021951540033004185,6385
1120,0.023712852100635565,0.021578687122613193,6313
1121,0.02502562974729444,0.010392059723264305,6300
1122,0.024107948996067826,0.018339104249967982,6267
1123,0.019163063127187813,0.03091718602192133,6315
1124,0.017993557151898747,0.03546086169957676,6323
1125,0.029006806002876816,0.03711870619811966,6322
1126,0.031267275991874864,0.030875265078652663,6328
1127,0.025130345642881153,0.023371970584768087,6366
1128,0.012985604809466277,-0.0011520209536334091,6376
1129,0.0018934518085480547,-0.0021052956684019103,6361
1130,0.016217508960048095,0.02005779553923629,6303
1131,0.04318374929817994,0.04310009895771728,6210
1132,0.037870705321259475,0.034826120319477516,6102
1133,0.050983315880685005,0.05168522038338929,6141
1134,0.029889489253538848,0.030001763645971354,6222
1135,0.021124282624870115,0.00832959916890975,6360
1136,0.01301788342645605,0.011459228863055893,6371
1137,-0.0071283489307079565,-0.009160374081578071,6434
1138,0.01171669676476102,0.0009552612979667296,6385
1139,0.004035092027297778,0.004381775143827443,6283
1140,0.002402643732671673,-0.00028866667706757646,6255
1141,0.04254455946397761,0.03026894026947547,6242
1142,0.029101930019816178,0.010557480135610588,6294
1143,0.027957760063962448,0.03065131955022015,6322
1144,0.04630588730317918,0.024506869841073177,6333
1145,0.017287063207777467,0.0056140149067778235,6293
1146,0.01984824469394765,0.017057715701459357,6269
1147,0.028185087792247033,0.026344461113723346,6373
1148,0.03871160852330766,0.02558514306352912,6310
1149,0.036801668580099915,0.027096551965438784,6168
1150,0.016409982243605622,0.019477723500946953,6135
1151,0.008649780020994214,0.008306820455778926,6057
1152,0.029598203921576933,0.02475443206151324,6119
1153,0.01654803466283175,0.019201990825092104,6139
1154,0.04072913278475368,0.03386943087509184,6155
1155,0.0605342628042425,0.052229020378275155,6208
1156,0.03376230982313909,0.03654880060357768,6298
1157,0.049593271963863796,0.03944351273671907,6442
1158,0.0468493886714988,0.038987493099580044,6493
1159,0.03163075943313023,0.034119424911270395,6594
1160,0.017104337536081853,0.015393509921586428,6601
1161,0.02509108469842433,0.01993252564531266,6505
1162,0.02726242810311114,0.01565902293031121,6497
1163,0.04653229140019129,0.05166135785392942,6545
1164,0.044448107679211514,0.043943001408686684,6461
1165,0.019514179614194126,0.019119873771909133,6396
1166,0.006886833232560111,0.02335296050449262,6304
1167,0.009417502011195773,0.00524939423544748,6294
1168,0.0012892579254798991,-0.003499294998740776,6380
1169,0.0012238278109401514,0.0036011366390624982,6418
1170,-0.0033086698922118267,0.0011629655796001716,6455
1171,0.004257254757429972,0.005474904694258282,6554
1172,0.013835168952126152,0.021707943504852067,6571
1173,0.004693243665931381,0.005943131787744512,6608
1174,0.018004174287345156,0.017963617794230544,6669
1175,0.014831113326427193,0.0141730483957091,6729
1176,0.020630676571934264,0.013236448176355739,6706
1177,0.04010956930389285,0.025370065335139816,6697
1178,0.017702094903987848,0.007616842232802957,6587
1179,0.012804162787398009,0.009254998102270309,6613
1180,0.022319014923062337,0.02507006902723865,6611
1181,0.006591049434393015,0.0015429803728643039,6681
1182,-0.008142330916893755,0.0001186711356263298,6677
1183,-0.012731120724157639,-0.008037826260372194,6725
1184,-0.01912542478446829,-0.014921741568146905,6712
1185,0.00957635723112981,0.011171471723882505,6696
1186,0.03103831805427607,0.02156898188810195,6762
1187,0.029204780993301732,0.025911606314910966,6862
1188,0.015489036438162442,0.014482481511408915,6882
1189,0.003841608714869118,-0.002679441585407889,6915
1190,-0.005598197048867745,-0.010961281851837477,6902
1191,0.01490772005901503,0.007293010317199874,6852
1192,0.004954803096807184,0.0030187212378370975,6852
1193,0.007205148591471876,0.004852971642049346,6836
1194,0.019379874744602423,0.010102595142606401,6806
1195,0.03058324527903215,0.021352608809292795,6829
1196,0.0398488051015971,0.027482617268498915,6812
1197,0.011834918729007967,0.011887550556341508,6758
1198,-0.01647012524167422,-0.014378337173157183,6720
1199,-0.04029837621442098,-0.03012399579977548,6694
1200,-0.052417444993161186,-0.03934926270299664,6658
1201,-0.014842140690022957,-0.0136195863666568,6611
1202,-0.0032253865893897946,-0.002132643034205883,6680
1203,0.023569968646865395,0.017265637835251924,6734
1204,0.001863070901981027,-0.003998652974228638,6857
1205,-0.0027617020390469965,-0.003605773464540353,6991
1206,0.005013069824638538,-0.0022410606366330818,7023
1207,0.017470279385821973,0.027660790029066247,7127
1208,0.05059655731213631,0.055314116635036846,7126
1209,0.059224851885179355,0.05909938449922816,7146
1210,0.04343829924700659,0.03972097604584972,7186
1211,-0.0010002959973814832,0.010982428862769743,7212
1212,-0.01802371375602491,-0.007378171257676253,7231
1213,-0.00838370743119451,-0.014143778707183667,7181
1214,-0.009117937993019088,-0.017427525726038767,7060
1215,-0.016756871448465396,-0.027518191317667726,7008
1216,-0.01625662588062546,-0.015939167899818838,6979
1217,-0.01682316748839241,-0.015942684582254972,6956
1218,-0.009382938508719057,-0.017255778024974595,6961
1219,0.007277346308161362,0.00986871403283058,7001
1220,-0.0054695654153866504,0.000673832425413565,7036
1221,-0.0014744490904508578,-0.0015261854284722796,7079
1222,0.01576913915347853,0.009371224535954159,7105
1223,0.030934965473448626,0.03133661434736256,7102
1224,0.033963085642034554,0.033553996055792255,7061
1225,0.06880939545137141,0.06585755118941516,7076
