era,zero_pred,filter_off_s0,filter_on_s0,c4_random_s0
0425,0.0072896592248776985,-0.020883866880239976,-0.02536613363733896,-0.03071398059051298
0426,-0.011206367568173153,-0.03694607505453883,-0.034586526686569224,-0.04765804650669513
0427,0.010348231193031143,-0.004921035212996814,-0.003478747756738644,-0.002466862198850596
0428,-0.01609686437262174,0.042772701762503015,0.039666227644673556,0.06028158242243997
0429,-0.042853281090945175,-0.036467908416042284,-0.03662467192525188,-0.02464637127897482
0430,-0.003052612397140485,-0.028882387661333685,-0.032358262864161484,-0.014712348681072891
0431,0.019328597229870986,-0.021666408625522403,-0.025488479432541226,-0.028322443553889975
0432,-0.03211561258089378,0.009351983924517882,0.007274164145921141,0.009307278020323833
0433,-0.002052662148133769,-0.004859279890593372,-0.009862252283623866,-0.013925924392968528
0434,-0.03173865066996597,-0.002205122462867663,-0.01253826642347139,-0.019925026617211204
0435,0.00128167404105485,-0.00311466431924012,0.0028800543752717906,0.009154448502211945
0436,0.00973413159817732,0.0183724022616407,0.016929098401647105,0.024351996063063302
0437,-0.014187201371467815,-0.015107863985928437,-0.018956708930201672,-0.0057399119304489005
0438,-0.017488713615925897,8.575455295747864e-05,-0.0022771727176500427,0.012366144317202258
0439,-0.014436949524908444,-0.00681765287155186,-0.005829359998548686,-0.012940975746933684
0440,-0.03169037518001471,-0.011517545242790668,-0.007811336933393986,-0.009892991468339727
0441,-0.009709672142334843,0.01999506004223968,0.020308846547092068,0.02371001207996458
0442,0.010940796060689663,-0.01100264178437782,-0.01673154471440478,-0.014338597669155368
0443,0.007073790517672236,-0.006869696430867742,-0.009514295882151098,0.005204466609746631
0444,-0.015763709623609526,0.013192943593008424,0.013534657462044165,0.00966727041222328
0445,-0.01438629198172598,-0.020155805190416567,-0.016830772085063606,-0.027331752823238187
0446,0.0006764000089327623,-0.020455096869904783,-0.01647206381525444,-0.0012668799855775985
0447,-0.010877964564369874,-0.002328388022537725,-0.002861333496269155,0.017645683961902376
0448,-0.016537800918096215,-0.03644250604734799,-0.03186494570750955,-0.03454266381484961
0449,-0.023390162797502348,-0.007179963123641835,-0.008356333647970317,-0.0023456972367127188
0450,-0.006270598901415492,0.0018677709701983693,-0.0024458147305411585,0.008351471539472678
0451,0.004626692689083558,0.014524344878304007,0.004093576111846557,0.0014237623387357505
0452,0.021273025450262325,0.010165071021856773,0.009391545860400195,0.01652163694258
0453,0.014060183141475077,-0.02714073144633681,-0.029218005983384074,-0.029585858565508997
0454,-0.01736354511190238,-0.008475592575233414,-0.003996239866444675,-0.026624183361690253
0455,0.02904873216563672,0.029808340163160054,0.02425990523645822,0.03332185002151206
0456,0.01801330573446191,-0.023386401314890743,-0.02327351306041429,-0.024129881402782792
0457,-0.0394562161135281,0.0053371954064112695,0.008434679447868337,-0.004276967858422116
0458,0.015330863987157486,0.03063004614212221,0.032071088899922405,0.03216875806544568
0459,0.024019572309402343,0.016078361809195415,0.02470378250366294,0.02190660311476738
0460,0.008858741579011013,0.02543471089197844,0.028171631470462647,0.0348499675980526
0461,0.0062892090619755476,0.06918975264434839,0.06921694617232313,0.06340087463431492
0462,-0.00396926566435849,-0.017188108230926254,-0.01609247329114504,-0.01543355293283281
0463,-0.008592570786911818,-0.002678650231312471,-0.002607150329301137,-0.01752187814860085
0464,-0.01510589513201361,0.023750843684539738,0.021869997906112854,0.008729659703377054
0465,-0.010648907890566528,0.008915671811088384,0.010787896546843655,0.012965971395854922
0466,0.03384934011104899,-0.011625282534176915,-0.007723854765370181,-0.00703177422240957
0467,-0.018479535216517497,0.021387865460251707,0.017451108455380587,0.02677395326878812
0468,0.00344143825570577,0.02779138593794575,0.031638050724757866,0.021848388283331015
0469,-0.0007401661534305105,0.02933171557650997,0.021293614348582405,0.03137683748028702
0470,-0.019251565585663055,-0.004696171878223119,-0.0037565885864684345,-0.0014437427963039512
0471,-0.013531212138579399,0.048620876182135134,0.04480793189393774,0.04448323701761338
0472,0.008127476272905753,0.02001689371522819,0.01391348815824029,0.013228108454384477
0473,-0.009970663135859105,0.01782652171662504,0.015331300263221579,0.018302097058643097
0474,-0.0059410597117842395,-0.006121573805185404,-0.004167450192318134,-0.017179827771209282
0475,-0.012681625159369127,0.03817534965199918,0.042071105057853865,0.016676708348894582
0476,-0.01207052393170677,0.011752905863626149,0.015879103220840875,0.0013883108179420912
0477,-0.011619903299551185,0.015752175556853376,0.01954236773045388,0.015029377890673032
0478,-0.0036884633335557645,-0.0022820315829758663,0.0018302687797333503,-0.01123614567172568
0479,0.025246648096355642,0.010472612241939497,0.008040471802824179,0.011826898950928125
0480,-0.03014708421241692,0.0056057031536433394,0.0011422044952584033,0.014005676774464456
0481,-0.030448087213740507,0.02554922159315677,0.020411346943641526,0.030589876401015247
0482,0.02059895961352331,0.029570720857680064,0.02496714881571976,0.04251028350821361
0483,0.023447871883718743,0.04207282541033374,0.030041382814552996,0.04296120794793308
0484,-0.013576423008605457,0.024407611825965934,0.02637657149305379,0.04027482348518519
0485,-0.006980489685366671,0.018383577120158878,0.024726333815754765,0.010200853155888322
0486,0.035581255403829344,0.004013227906571239,0.001130817948053253,-0.008146307137327701
0487,-0.010360129334614573,0.007000497289695823,0.00237999512819976,0.0013390464856870234
0488,0.020718155075756698,-0.0010165290063488435,-0.003834806616988028,-0.011304521027370599
0489,0.027558688282017515,0.0031034828747286284,-0.005220678424530759,-0.008055776998168196
0490,0.022355278059657792,-0.0042776161066740695,-0.0044684452048396,-0.00918085227272804
0491,0.02458302020135519,0.014247973891342854,0.014454853902313703,0.0036614991490293777
0492,0.008471025815843945,0.008228728579081634,-0.002775203284147011,0.008128183715223721
0493,-0.02315935082471939,0.017277854247167223,0.011261028661320966,0.01511061412112862
0494,-0.02340804786230587,0.019210346166935455,0.01743800365498252,0.022354448102292947
0495,0.002131975312443003,0.007738980150137057,0.01279173343771136,0.007389461772066911
0496,-0.031240399472806265,-0.01036679368703404,-0.010271724421248381,-0.008304369655437177
0497,-0.017013401290133342,0.036363269104778904,0.03679616105565729,0.029748930313965454
0498,0.011802746229321629,0.018404659717912376,0.020193537826597857,0.01720812186013157
0499,0.018570743620395003,0.04395053819826583,0.04535889230479293,0.042114131105719245
0500,0.013138148142825346,0.01823408482772429,0.012481087004752667,0.02180903474865041
0501,0.025387056895909935,0.016001025204815597,0.01781600984042156,0.01808291838546318
0502,0.014262545853837771,0.013035580732114997,0.007505988361757288,0.017255922375986475
0503,-0.01765272950314387,0.030614450839521374,0.030990327905245002,0.02427938914869328
0504,0.020044988881862028,-0.0320026624719725,-0.027202358706886743,-0.023360394368869334
0505,-0.029519159736028932,-0.0026416343529935115,-0.004068946929991679,0.00814410362695461
0506,-0.01877528071096172,0.022762823743879924,0.024640484605421058,0.010039079972894886
0507,0.01859686242784523,-0.02208758859568686,-0.014363613783542515,-0.015552947187753753
0508,-0.013076669335137348,-0.0021201851631856288,-0.004859978163996737,0.006882919883163455
0509,-0.002252616937749083,0.02850391916454982,0.02900123693765432,0.034654133808950216
0510,-0.0065150830139390865,0.01220251618724025,0.011521238769691152,0.005014981469015588
0511,-0.02849297352459897,-0.004179258173054459,-0.008689380030103869,-0.011796228482713996
0512,0.005396196281071923,-0.013521190777185306,-0.018717360823078774,-0.027210320865085746
0513,0.010378269109806586,-0.013496398975195577,-0.01290398618294885,-0.013862658794345712
0514,0.008505560771842993,0.01164873946297403,0.008444676747212842,-0.006180439153993061
0515,0.013220405665767026,-0.01587130041738838,-0.022177832810757046,-0.004515132380493271
0516,0.05764930186877592,0.005913404126031164,-0.00196281584105663,0.018154775232928803
0517,-0.004838349556350542,0.005073900599788749,0.002793929311416935,0.004998365278544168
0518,0.02069499292684865,0.010455670966250021,0.012546708827915502,0.007955877503848633
0519,0.016621805049576166,-0.006336224392732397,-0.004586820475617106,-0.018324104322211526
0520,-0.025658889661212905,-0.022728829718676548,-0.019064401262080515,-0.015793805547120024
0521,0.0002900108548537359,-0.024915960486223254,-0.023306148144411128,-0.03383875330657161
0522,0.004988838048136937,-0.033205413016657366,-0.037088769347875826,-0.029280157756267914
0523,-0.005651505224714782,-0.019805930015624282,-0.03177290491830568,-0.03138873269390245
0524,-0.027472762420265525,-0.016740130093088692,-0.020960355822963544,-0.02329917135561687
0525,0.012441344501327313,0.0058883189833473255,-0.003355971195471083,0.0028071104616774786
0526,-0.019700146648068385,0.03899448722825021,0.046249554325214846,0.030977344808742972
0527,-0.00943354154180837,-0.008476289154983828,-0.012423948445717144,-0.022847588716485973
0528,-0.004900844331643031,0.010356577687770922,0.011888024373673369,-0.004772927424352169
0529,0.007268878554839024,0.024355617735068457,0.021486743414106377,0.01906764608729035
0530,0.022996036123825055,0.027620618675343277,0.032091248868303474,0.024169819018593913
0531,-0.00808903541009877,-0.029593076259760896,-0.023286163021629457,-0.01726814429606671
0532,-0.011261362743299596,-0.002448903645040904,-0.0034306820507828354,0.0067610175052305104
0533,0.014669284661545856,-0.006558803493545973,-0.004367573416542484,0.002275010239017313
0534,0.01897477267424239,-0.002448267914463342,-0.007494637085508089,0.021179127061098528
0535,-0.0025600327618656034,0.03418768389531685,0.02982661060301715,0.029944583711987785
0536,0.035817410176141214,0.03456539652897154,0.032041077296796956,0.05539234190416451
0537,0.00966381821398861,0.044582642198571984,0.04319343362062644,0.05302191673233904
0538,-0.006617356762462489,0.016416949663710545,0.01851414268911958,0.016760504507156646
0539,0.009126333981125292,0.015628463227186373,0.012149752061977248,-0.005826537385874684
0540,0.0067331705841054135,0.0181329946603103,0.010398972185643666,-0.006053342965817237
0541,0.02861008756130202,-0.008273335123303978,-0.01626485546332154,-0.03091803066797895
0542,-0.019317063357835496,-0.007372419477475132,-0.011884123343730112,-0.021908778591041105
0543,-0.008572814690867623,-0.04111395424809748,-0.03794039453126728,-0.04274217516226495
0544,0.009987362940452015,-0.021768668111825106,-0.01906770999614237,-0.022800261813454695
0545,-0.02701567853339046,0.0034354371422544764,0.003966258501451677,0.019765610994049398
0546,-0.003963472672298381,0.00797656496019859,0.003988340467514031,0.006688791983322754
0547,-0.010970860336640156,0.032924219272027426,0.026355629475346812,0.03656955041530965
0548,-0.0008200165494275219,0.025826440207538905,0.0205393907223059,0.024472650500354215
0549,0.003153702251427909,0.03667500919513968,0.03123216595438115,0.045390847133651
0550,0.006587950211301131,-0.0009251120341399262,-0.0017214399100731216,-0.00711522094716076
0551,-0.029039676669851487,0.02864358640416705,0.027966595456732603,0.013975950612318695
0552,-0.009463625329438166,-0.012613684165457072,-0.008524265083852874,-0.028655120898121337
0553,0.02418045955994605,-0.02815822156254276,-0.02166013384378801,-0.04899540980148374
0554,-0.057913868950190926,-0.029891211986136295,-0.036051094018410515,-0.0298430672115932
0555,0.010188295268826371,-0.02246998314719665,-0.02388418152050524,-0.018297372664438927
0556,0.055054533616643746,-0.02252726460736106,-0.028939819885463285,-0.017175992659297527
0557,0.03759607426426689,0.022273902324992732,0.022959407807175192,0.029364320672688845
0558,0.009861057708373647,0.05720639761118662,0.04683648896247112,0.06517307957167989
0559,-0.019025511416221746,0.017351354947642016,0.014578508861277838,0.022307734284726464
0560,-0.010285408961265941,0.005176005265897701,0.0044543072744920725,0.028592462831476387
0561,-0.013131796134240238,0.027529216249655774,0.029658358830389663,0.04092187219391305
0562,0.038353057612970254,-0.00717633521917945,-0.0024813233723615918,0.017303482021737017
0563,-0.008755120098228234,-0.02252309408972513,-0.01736562840036607,0.0029565184137477635
0564,-0.013444724307299491,0.013566274872225687,0.014864197032381132,0.018596259288560686
0565,0.036261270755488066,-0.035556826623991455,-0.024162771862483282,-0.01692663800470642
0566,-0.02014307003153668,-0.03125297621873515,-0.025701207518179843,-0.010952421241994512
0567,0.017988284974693312,-0.01244026005670654,-0.011392252618071792,0.009329736693848761
0568,-0.00246331727374079,0.005109187943089399,0.00731046011294776,0.021326980483833365
0569,-0.023636256893564044,-0.006084963993163067,-0.008212064468429136,-0.0171206555154491
0570,-0.006376774340273869,0.04902479077322711,0.046536083983336474,0.040047895120365704
0571,0.0024905208912300294,0.0012788445526964697,-0.000816721200136148,0.001370288602182879
0572,-0.007303650826824573,0.004610105456205087,-0.0029097768488591585,0.007107417201543169
0573,0.04155697198589878,-0.028737585231972652,-0.03855045333869048,0.0028346480817502883
0574,0.008519652799268595,-0.006578717589085869,-0.012258322570802088,-0.01817188288292158
