era,zero_pred,filter_off_s0,filter_on_s0,c4_random_s0,gaf_s0,filter_off_s1,filter_on_s1,c4_random_s1,gaf_s1,filter_off_s2,filter_on_s2,c4_random_s2,gaf_s2
0971,0.012003611055955946,0.03722756916973725,-0.0403278130996702,-0.0017716047180486617,-0.05540235249233459,0.017833133385075944,0.017157806342731816,-0.014254494023985808,0.017359557445411167,0.0885630977056582,0.0523691179339502,0.0218774713361937,0.0038401407541518665
0972,-0.005109414413048065,0.028231764389969542,0.01319979071314568,0.006552119993395099,-0.042896441290444495,0.02621116337194898,-0.004064361897558845,0.010029387765831753,0.022578133165083468,0.05352284561123959,0.008486020026318075,0.00823456450922782,-0.03608351092371416
0973,-0.006946763740443714,-0.006574447008245646,-0.00935369901553746,-0.013057480457088579,-0.0049502467302737765,0.05126024026010694,0.0022434575737134456,0.004233884146974142,0.008568184866337739,0.06840922583785866,0.012888489598538123,0.04571794413095552,-0.016922090658642988
0974,-0.02393462974348476,-0.003890104173344013,-0.007747670728921346,-0.034133056653483936,-0.0056453552780159864,-0.0023488139643195504,0.00528530021062388,0.008087253408690636,0.018620425263807864,-0.0002948695224124056,0.015255000624711053,0.02031893036879785,-0.0032494153369200997
0975,-0.015788349949068203,-0.0005746728466564889,-0.006442278540653346,0.04122903700250177,0.011092773431054116,0.02209734870351674,0.0008603860717222322,0.010809652503733882,0.05243656560349117,0.036656449871631906,0.02240134785149971,0.034680270027686956,0.01708763142943856
0976,0.018114801709441273,0.021583282991897514,0.019011260559343587,0.025027501106634972,-0.02082775851998892,0.029190157840403623,0.008813962561401678,0.007087552709620682,-0.008590823746304321,0.013533958152693789,0.0032826435432475798,0.012261738572335082,-0.01755850858628718
0977,-0.007986575148927718,-0.01779395584094277,-0.019929699997209973,-0.010474285553639192,-0.0013591634749361725,-0.0056458701104530485,-0.02006180716841893,0.020385366130315025,-0.04896088728554781,0.004152673119448697,-0.018675404749667713,-0.0034102760012638396,0.0017266411388863676
0978,0.029470196852800598,0.026559332278736584,-0.011733131078274615,-0.0337411705129661,0.01192287992984398,0.012953085780709795,-0.004005450303595816,-0.0017165185778763629,0.015017186184234935,0.00440944712508891,-0.01080571024564271,0.001481590953417023,-0.015396959891374217
0979,-0.00720226222229238,0.025630782347385143,0.0032896640635114546,0.007301301577832288,-0.014234174695659282,-0.010989186537963212,-0.013795790236325642,0.019423525156960993,-0.047231847338545865,0.014989988080233845,-0.0038833105018287084,0.03746082132727458,0.01216829053345328
0980,0.004171794465183303,0.029222240950853077,0.008635576797788175,0.03580138737855047,-0.006476819230017503,-0.016387290299270885,-0.02237564951609109,-0.006853524033186049,-0.029704195844330813,0.06555111901516456,0.0009767616962683624,0.03836428937772538,0.008212216100627782
0981,-0.006832268114397686,-0.02261102992977615,-0.0029254653546345755,-0.040274604195215086,0.006939538294686391,-0.0188530256527241,-0.011183300058418753,-0.009214583585401195,-0.013788938371971374,-0.0003568229717525073,-0.015545773782636668,0.039845932746783184,0.03995797814533142
0982,0.014398356564992129,-0.018095062224327354,-0.0030593255577043834,-0.012993231493040566,-0.009153588276427593,0.022776500999460072,-0.024521910173062534,0.03595130644351535,-0.0010549281148652689,0.00997611795301027,0.01211246105660337,0.018881096156197083,0.02596087430237854
0983,0.006258316107658149,0.019120333010388766,0.004463099878236814,-0.01670777894678414,-0.017523005435470963,-0.03298447698325279,0.008796531992427208,-0.01971012161253728,0.05248397644003221,0.011781765368740423,-0.004849967091037221,0.021930928583734268,0.006013388993718001
0984,-0.002749969066326471,0.005571142106062818,0.028544232319843675,-0.013073119371481777,0.041831141335817126,0.03399230430452532,-0.0011300393779544748,-0.02987998522589799,0.05080793521389227,0.04656578017073104,0.023344152590181726,0.0064748606722542955,0.02670156915224281
0985,0.0006211810579945049,-0.036749898218682,0.008859297222694386,0.020498780789519354,-0.020983282182457843,-0.0025982171679257674,0.03008350923158792,-0.0035115413356109847,-0.017210230529579606,0.00017066246383958672,0.00780786907508189,0.022919363965852545,0.04053806567649634
0986,-0.014441219236408847,0.0008777102041674753,0.0262268662628267,-0.0034710594636012293,-0.01700785990867635,-0.014231263222143959,0.04343551627278498,-0.037735088215349134,-0.037701827543528015,-0.013889512548458435,0.006203810918522011,-0.017526322071921254,0.027075188813662155
0987,-0.011895285170965761,0.03826598391197066,0.01773372141659988,0.04190619282653453,0.017081067058450538,0.0053110564562058385,0.04259524050604437,-0.023110989644346623,-0.02787732263051982,0.058124330944997686,-0.023379160135143004,-0.007869778403078006,0.011532596788539103
0988,0.030921788516925272,0.007027829622527446,0.03237863286797562,0.01721473327895186,0.014743047620350407,-0.0028658707240345185,-0.013863101556833533,0.013075132892802155,0.004261734607315252,-0.005232500353314506,-0.0030671508266356595,0.014778514881667041,0.002387942011792937
0989,0.006334168413867743,0.046283424313671495,0.009899122162154371,-0.015328060396186704,0.008931457871994283,-0.028100137865528077,-0.003024480464464872,-0.026880992765751777,-0.019997120375125833,-0.032801007600802366,0.0006763313924315273,-0.015324408280947182,0.02075654957436782
0990,0.037508905448600326,-0.03969482428350779,-0.006944228074827878,0.022748801936078412,-0.01587081296676802,0.0034853825376764892,-0.0023050348356481753,0.01665003018733743,-0.02970585698491558,-0.054139868083267234,-0.0098415375903478,-0.007724381023393045,-0.021345295695325284
0991,-0.015474168130002939,-0.022571854199823813,-0.02282643913630591,-0.01584136900627584,-0.051229838113357205,0.019773351682946107,0.016805114902463378,0.0066198172737528095,-0.030911137030553933,0.0032466470364221805,-0.022039489700849468,-0.014349697010653955,-0.02985387598621915
0992,-0.03331014284354576,-0.005951932801815395,-0.005515458880902581,-0.03599811373096677,-0.026809110588972025,0.013504847014322658,0.026680561892044503,-0.02519683354816512,0.03058410190065575,0.007900033747548467,0.008594377090530665,-0.013099426944400196,0.007657625373124397
0993,0.02347581162998564,-0.061260284923911966,-0.027623906515138377,0.00881127905497276,0.02964705594414288,0.003401355959609977,0.017156484308696807,0.0019026478495129911,-0.014007416276035509,0.018702396197765356,0.014678219966726282,0.025470315862601376,0.04092792127282848
0994,0.03243510193855231,0.02066563932128652,0.03565213981314168,0.006925037230657356,0.009624318041792848,0.017267935861396456,0.005847204277009578,0.001143957170334238,-0.008927965214325215,0.05552326957518916,0.009237510219173566,-0.0030261233533051533,0.021770800804196827
0995,-0.019324202697762378,0.027029654768677507,-0.010602595630745887,0.026478353398640055,0.02944151907238563,0.046705320751276216,-0.019238849335718147,-0.018574492373675682,0.014475473349387303,0.05144779914527975,0.006376906703767965,0.019682771810946142,0.00084972292045519
0996,-0.025939632232398833,0.017774318623170728,-0.029779278332322804,-0.004367753155721571,0.0037960194859638307,0.059533049542586605,-0.005526743087726049,0.011457243061427962,-0.031284157746752424,0.03529450238643462,-0.015152412597479669,0.04345137373480327,0.001469907412213139
0997,0.019090201067378985,0.024902777931510172,-0.020319315840701496,0.0279081271642588,0.01387263961196108,0.04617146641634662,0.012474720368123447,0.043087478868285234,0.04105334050183691,0.04879816904060442,-0.022679805890802252,0.04797350392594656,-0.0022347148195538016
0998,-0.00773640906985071,0.04443497990161654,0.015186262688261313,0.006714354318383265,0.040223482949398884,0.05058867935512682,0.012582492103506076,0.03184245037765636,0.0058036669225258524,0.044666677171024315,-0.006820942823762615,0.04300324545359653,0.0030628051518684033
0999,0.007369680668942598,0.008645112917494516,0.021844698335466282,-0.02620230760066675,-0.015727217530517132,-0.02434449494307785,0.00039638896553584557,-0.014615210203119953,-0.003451339403444642,0.015165166038351179,0.015234266158080743,0.021705413770221862,-0.003503574556097742
1000,0.03611909678523561,-0.0005651320304328219,0.001847287083356369,0.008529471378047644,0.011483879202283461,0.03522475504830805,0.0542413536988639,-0.028723512960867673,0.03881158158114745,0.004631389973492724,0.03087514291551839,0.017437784559881084,0.002715117991031264
1001,-0.03477361494381043,0.026897975255230952,0.004144622602813934,0.02255714066477224,-0.002325580982279945,0.025116465042028625,-0.01974218004154872,-0.016046658321033993,0.005701411722672478,-0.019282503787623115,0.007951476908294789,0.04419205961980066,0.026606022246456053
1002,0.036982583994120535,0.0053033894290481975,-0.00615613345522372,0.024892878730207003,0.01590600681954059,0.023359360372739023,0.01965437205458676,0.012208288254011485,-0.017734503341484967,0.008227621124692702,0.01252510323543562,-0.00535960089583841,0.004133076255545782
1003,-0.02014734782988342,0.01664338566079467,0.002619773004243401,0.010082121462684375,-0.00950657540082411,0.01819529890998116,0.02134790982930232,-0.0003105813737226582,-0.025699585837903455,-0.01118800012237778,0.018507766009059273,0.013497102079313561,-0.0016081687690036282
1004,-0.009577657832101353,-0.011195318071889736,-0.009211860601899161,0.019241827141121902,-0.008279512181052244,-0.01794012037640141,0.0003784212877560476,0.0378758656555394,0.025100033793911066,0.006742754183711902,-0.0018086068427554931,0.01728567649561797,0.026080032937601312
1005,-0.005583235515023369,-0.007431183177767484,-0.00597458434650374,0.03044490656044583,-0.04123995830503407,-0.006690437714676079,0.013987238120992347,0.021964688987198253,-0.0280809896456866,-0.0098331966455588,0.024665252711985722,-0.0003513312420440057,-0.006857180931876716
1006,-0.017801704189433356,0.02987992781909274,-0.021604905651156803,-0.0007444157702494763,0.01915635606469345,0.00552962788689429,-0.005380435530134432,-0.0029758181535031055,0.022558676677581612,0.012198333140928354,0.007467004354313476,-0.0010356878855193581,0.02686988425100571
1007,-0.005520918187777832,0.005749222615344335,-0.002957380171283037,-0.013587503452670532,-0.011688154165098044,-0.0007403826048734369,0.013289696408526851,-0.022965806192422764,-0.01516342733036894,-0.01722696626325162,-0.01103259869941214,-0.008618959385047493,0.029593086565105196
1008,0.009138322599082252,0.0036801339324027196,0.009677573776393354,0.0033640218645083894,0.02254870106996154,0.02453319609543017,-0.01884812544850537,0.011178364499259422,0.017858464674727896,-0.0274699897578083,0.0041672633775026,-0.02478394980660803,-0.002265607334483601
1009,-0.02382984715791972,-0.01723927866462874,-0.027380285000443826,0.021816777252312992,0.00042311803767591935,0.012070682710168165,-0.003567386498232067,0.02231669760153497,0.029669645342509706,-0.021916820982391675,0.014026914292521193,-0.03742771612202181,0.0006310191146670297
1010,-0.03141644281178154,0.036908242172650596,-0.027677045405979466,-0.00695410124624093,0.036901762195726384,-0.013402674867633373,-0.00979771136278783,-0.0013400655045599401,0.04247404303096295,-0.046350025952425544,0.014462560289652045,-0.005057979395362187,-0.0297798959829188
1011,0.006164005065918387,0.01918253490256775,-0.024905155337417856,0.010705265138822714,0.027766874694226087,-0.0185511363773759,-0.011145276669074158,0.007593416122431178,-0.03830804163499715,-0.011133594022799433,-0.004664067306290154,0.0017381542132828842,-0.014335846210924402
1012,0.022148791930540562,0.05991208713651793,0.00536069771692484,0.009347228355635466,0.04794218456256203,0.03813156286815506,0.0026358260093124813,-0.023431708405570434,0.002582470284885626,0.07356673885381944,0.0012041144953772824,-0.00421354180405598,-0.0038464628863504515
1013,-0.005898036589527683,-0.0005662562691188213,0.006158557406858894,0.012094134233858973,0.0011317676749138636,0.013471722228067405,0.011575759806435694,0.008977506290241237,0.03924792636095521,0.011117459870922148,0.006877099946910223,0.01747057040816878,0.037116320518560154
1014,0.04018416682898266,0.009561288375288725,-0.017471162902491455,-0.015535368689103973,0.021986433438248056,0.03688947557637798,0.022917193280475562,-0.012408377112381887,0.050292524477353794,0.0323699604636147,-0.022096167765243105,0.03530587848056037,0.032975193440969164
1015,0.005257064877997589,-0.013114929628602008,0.004099683729211731,-0.02148050663753259,-0.009497605855304007,0.009018178710948885,0.0030296657219089644,-0.020991560377805203,0.026239845376398653,0.027174603667325086,0.009203071934033791,0.03962779811790456,-0.007581853270236799
1016,-0.014114955777776692,-0.011354619621119357,-8.970567261139693e-05,-0.02816248923757739,0.005413009342456895,0.003416398174702724,0.049245848911253914,-0.014240985347589791,-0.02346444329652616,0.015836454587593963,-0.0024999046976488504,0.020410590912032213,-0.031358846399292796
1017,0.0036352259049493934,-0.026740873708418756,0.007766765573720229,-0.021359731848802452,0.004324770155130473,-0.00958418507026086,0.027038537594049575,-0.014822574563652633,-0.018882791800996807,0.045385070049763755,0.017926830016188347,0.021013528524618123,0.004143885487154968
1018,0.005449641377916707,0.03534901749459939,0.03396592202493055,-0.03491794131222478,0.026433926338945514,0.026265083663457638,0.004007726949036246,-0.03143824476892081,-0.016473653020163993,0.025865673872292248,0.025481709871448294,-0.0021476999639640426,-0.02576195327975484
1019,-0.01657138333664755,-0.015796979498969063,0.022006045526982675,0.024577923090133746,-0.0008373783100599646,0.008194622578932801,-0.01636566393085641,-0.025594712082309182,0.021852959259646868,0.031311419941247205,0.0043168186154460475,0.01690778891919214,-0.02699964640482487
1020,-0.02353028754194567,-0.011483309877442357,0.016976827071582132,0.02073529927500522,0.012262093794836513,0.0195846688654914,-0.019413079025761858,-0.03221550878986765,-0.03759672678304205,0.03574739470622824,0.01028995428525249,0.0024948303716254678,-0.01392023471843127
1021,-0.022190223022750786,0.01116122975286112,0.0222684008514786,0.017439481222128666,0.020167593696422088,-0.026459148352302918,-0.007925244488760797,-0.01986160934787268,0.008691865883453465,0.0028041338063268884,-0.015767564785944786,0.023048878607914464,-0.014919441525769699
1022,-0.014589930846186342,-0.014432739888124437,0.007763022187701483,0.013496323940298715,-0.013337301901327089,-0.015215529144877876,-0.02061545612164769,-0.011928027180079867,0.029921078417219173,-0.012518163655421846,0.009320912637755113,0.03230595956245573,-0.02198238614406499
1023,0.01720992480719099,-0.053207061855397114,-0.008698424902744152,-0.013691264879371124,-0.022084744652933145,-0.03948376427704204,0.0052373521181846685,0.010335463517329686,-0.017828484970589743,-0.0279008246064453,-0.001882942607225649,-0.0005411770712763715,-0.019326605837241412
1024,0.0032344351439155595,-0.03168293981936082,-0.003511563457148961,0.01583175614807311,-0.03829920460949954,-0.08611479096354163,-0.025502352138064538,0.015771846854703488,0.00790329989958014,-0.049864570825702816,0.003037029929208043,0.039954175210883715,0.018985130935577937
1025,-0.002163331282271067,-0.011111659987297913,0.019976705424773696,0.03220234383177268,-0.026847774234506402,0.01380476441924611,-0.04770199994633608,0.04759714602993395,-0.02524853409275221,-0.027498140666016208,0.006512815001775308,0.02203838149216885,0.04216260425634056
1026,0.0010613177662477386,0.014713463793564542,0.001877972011273168,0.007408483623181683,0.004861227829932478,-0.01836922126678184,0.029475196910015846,0.013962326116892241,-0.03248924353438723,0.004556940883838333,0.0009175225298952938,-0.013586456329874238,0.053028301317317714
1027,0.000923204268845733,0.020788290602672812,-0.001527828902683909,0.033142435942944325,0.006957607346402549,-0.02469591162876728,-0.013017572742578035,-0.0024566396849411763,0.055781289802569516,0.00011553382327780741,-0.013554036601791528,-0.014287145900821292,0.02558486496426437
1028,-0.005409107684598861,0.021622141290153236,-0.018163972384362816,-0.00036998277219059704,-0.00031761018252474414,0.011905311530913374,-0.006971178538779289,0.03565194896480623,0.015130385440899868,0.022765851597259457,-0.004482979323622282,-0.0002112900130682521,0.04963485728631401
1029,0.013726250738727129,0.02285713501901554,-0.0315252432744571,-0.00407821407941811,0.006350514139162021,-0.016408547567511516,0.03760917718064055,-0.02983380327092803,-0.007052581486343572,0.03292838056203039,-0.0009049718563538496,-0.000465542870877593,-0.01749665779363695
1030,0.01213790312663295,-0.0030052633372880415,0.011168806753829382,-0.00686265048231178,-0.006010617737134244,0.02720013064530331,0.0051562347692611235,0.002349784150183249,-0.029622067858357238,-0.025850142693162725,-0.015604370204243741,-0.00720106377091221,-0.029250604395279163
1031,0.024894003774799483,-0.033417446437349486,-0.026853489454461914,0.0026561860420603297,-0.02090588757229032,-0.017064107956949952,0.0013299933473826153,0.030605458092046456,-0.02552884134355523,-0.014034338580826974,-0.0017813692732379263,-0.026777169819490656,-0.033283463231153256
1032,0.02744403726543577,-0.00880385845350788,0.010286733355388026,0.0068259410389887335,-0.01647490942198964,0.0014542953141698542,-0.01831541381036183,-0.0022976819475348984,-0.03080943913210257,-0.0043123256765953254,0.0022787541001720838,-0.0004955183128819411,-0.02663465506999563
1033,-0.011476973574443699,0.014604016612341853,0.03292957391696587,0.011146211948627947,-0.031592891527044184,0.01672870746436865,0.04321887225711369,0.013217614282624022,-0.034573093828289665,-0.036372438049658055,0.030626533880643122,-0.033162115997667385,-0.030412335755298038
1034,0.005177940430085416,0.015738629311016526,0.004569479016587611,0.003119431430578443,0.006064389763301785,-0.02045145947289623,0.017041965330533752,0.016781311697201335,-0.01061854825029941,-0.02101520201475498,0.014021168650408335,0.014695187931965543,-0.007603196682671309
1035,0.03785779161752407,0.02608921264526012,0.006701911609266579,0.012807858948172993,-0.027767891525772588,0.003929417661127701,-0.0018106766573587807,0.027916066370734762,0.008325409448400236,-0.017694023464750606,-0.00047580532703481805,0.005550229023680215,0.004711250534844611
1036,-0.007837235362017865,-0.0028302378308241,0.0081280251501913,0.006014936493567741,-0.01800147233481986,0.02716238382899447,0.028089512309077476,-0.008205944337804588,0.013883068012671399,-0.0036558870662991077,0.029773119678048156,-0.04499852851862912,-0.02838263922102778
1037,-0.01145570084164348,-0.04482875937825501,-0.011868586250808768,0.018781517624762937,-0.010787172657753733,0.011252321083500553,0.021270503506833367,-0.010014963601328109,0.038712069270782204,-0.003231845002692736,0.01752675520749232,0.038822240586681225,0.03688504368763268
1038,0.017748440709840652,-0.03323185762344628,-0.009663825043662783,0.01923059774753546,0.01888133753358922,0.0034588437074070124,-0.027598542809498017,0.05077396300853037,-0.032255724685537474,0.034574964084837005,0.026955844280458774,0.014747741896163687,0.022689086496688077
1039,-0.001586961928535001,0.027704020427648114,-0.01994183596710778,-0.007793215948229948,-0.030935914844396062,0.01762866510513506,0.010492857796448483,0.018534772631674273,0.010685433152975736,0.030538281827762196,0.026048176949906902,0.026996539274617214,0.0073910449597353895
1040,-0.006051149328071595,-0.0033948863585617993,-0.015310412750159801,0.03279180725826426,-0.027118475195909913,0.014111939333655574,-0.020559468332405788,0.011017712676767719,-0.010768889729677827,0.03474565126396809,0.012376681014046287,0.027870484969888632,0.045007063483703647
1041,0.033839649159530326,0.008946401144104612,0.013991579178176517,0.0026145238000762237,-0.061980608992313904,0.03129307749854719,0.008962641494017654,0.030330370046045666,-0.04339185665860166,0.013805841338829393,-0.004837500182890653,-0.02469346230037087,0.04759449191131594
1042,0.005094401354252706,0.004272357593812086,-0.04175654743166883,0.0037392077022899216,0.002400282351475421,0.02237628051907185,0.023662226169093036,0.043990089125633604,0.011628170885711572,0.021722305884796057,-0.01586743866508054,-0.01506058261934404,0.016293675031231365
1043,-0.015668166101520553,0.017283466258128752,0.01183102314898559,-0.028234437926309062,-0.017361850458131198,0.008888161857202396,-0.009430961643586932,-0.006573519507669129,-0.009520782096292304,-0.0082829345445532,-0.00800901004031605,-0.031668396305203524,0.017854275803103555
1044,0.017328208801646056,-0.01651851015030724,-0.008039888258251847,-0.03252401437336293,0.0045575877782946484,-0.013646226049220476,0.0016723036057914341,-0.004249215545823935,-0.013239567899271257,0.011090544956128259,0.017900641763148883,-0.012444152843177965,0.013822188641395299
1045,-0.030990843722484444,0.054893355216201714,0.016490663498489794,-0.013732325546541855,0.005175774874748034,0.0463085902266505,-0.00110671309234312,0.021116516621326943,-0.004854224515788512,0.0119320794224311,0.01998301156002292,0.010428324234515954,0.026909084434287352
1046,0.022462910445968265,0.015385905098627991,-0.006703074176347963,-0.013213562274200617,0.03359781729310238,0.001821189215924972,-0.006098520650559487,-0.025637027140138432,-0.026684567369788508,0.020282526764104955,-0.0030822283730780587,0.004382542590510623,-0.016805811033528992
1047,0.016146743209625246,0.016079815884832743,0.009501189588841667,-0.015156383425846708,-0.01497502492073803,0.01840278393295778,0.023425250671819803,-0.0061512132154198295,-0.01119392589981814,0.04868407047693672,-0.012425942573498439,-0.0024636944564773596,0.001906656765916337
1048,0.021786534113501153,0.01580705575688431,-0.02882771213148112,-0.005788008064167174,-0.0009906007383882458,-0.006658732401003919,0.011901664408273302,-0.014601680065816615,0.04395827669832764,0.03462789657854243,0.008264593422361566,-0.006937926814167007,-0.030126949600612234
1049,0.01367392945518832,0.04193232422154899,-0.02472780914886364,0.033404769417204695,0.011899433951585795,0.0037530476812669537,0.005243734388684571,-0.03466118696348624,-0.03380053848550222,0.059152750817268354,0.020890926345595504,0.008536590132127342,0.02218584215211653
1050,0.026578468410296492,0.00764895158228318,-0.010310841938811726,0.009536886190883703,0.0008026429146542441,-0.008431844505854132,-0.008911345935511945,0.026544679317688426,-0.020459807044119097,0.025040288250313347,0.011217597018144072,0.03165699833569095,-0.0021694223449029975
1051,0.03378741646231033,0.010811129074843825,0.022677260008505448,0.007357063807658396,-0.0019111863121614697,0.017687555497361306,-0.003244642108029503,0.02150312020409208,0.010891546555914108,-0.018574262549423095,0.0064659778996389835,0.008697951860470808,0.04311870752367917
1052,-0.03982332175267905,0.04592767902060564,-0.0030642573506804906,0.016792165441851113,-0.021922690791250803,0.017627490664344082,0.010392655186682356,0.012624579445511864,0.008965506807987033,0.009812335669255462,-0.0029495518872332547,0.047826647698545326,0.015059242789220027
1053,-0.0023475167514966245,0.0019759356252390652,-0.020244275208656126,0.009798190344108436,0.020176855679068007,0.0035976685163711048,0.0010505373858161358,0.029325534001298472,0.03490017752217618,0.023531506491153948,0.02975055543298347,0.05761337823361646,0.010301254956733565
1054,0.0025678835550970434,-0.028921287757007624,-0.01634431701596441,-0.012572999664859065,-0.010314816282029002,-0.006178644479647185,-0.01393333138615824,-0.02754458098033743,0.013452322827053779,-0.04508682780038144,-0.006211327267299,0.04609987704407108,-0.01606144640629281
1055,-0.011259094065244415,0.029943487872793557,0.026122626515982322,0.004360372692589123,-0.04315298304689923,0.03609879068652926,-0.015351686493999643,-0.04004039401129404,0.008336691014808195,0.022076376292329176,0.03187831050422134,-7.391583934747505e-05,-0.009665919804398133
1056,-0.016902756665049267,0.011535059282027648,-0.017818148537890075,0.004864210397228721,-0.014613479466512133,-0.019611584201662435,-0.005573919707379155,0.033805959557439674,0.023501823180619812,-0.002254794167850369,0.0012038392704099383,0.004712030072988313,0.0022809613938762447
1057,-0.032688892154542355,0.022120165975332378,0.010582381637831527,0.014192692583020552,0.007181275624974054,0.03781220719053578,0.005864704731020922,0.01077326069231256,0.03221655027013097,0.002892724035366527,0.01610117982281014,0.024607676580478313,-0.024340579768928575
1058,0.02747159069453674,0.007321687056909642,-0.0010242473256001662,0.018267059338372228,-0.028481129677946478,-0.009458719944010754,0.023874836978951822,-0.001004715366745935,0.010539407191977756,-0.04226185927634501,-0.008901725821265697,-0.033737858514255654,-0.011642999944958975
1059,0.0030032870153001634,0.009812012300189691,0.008121739327752099,-0.021693272993469938,-0.05154426232288364,-0.001259235071151822,0.0025806134057973066,-0.01050644137868062,-0.024542495545722777,0.019742266013945225,0.0009617072989846603,-0.005152187389739277,-0.005564117190919037
1060,-0.0014139643446869142,-0.02318616400329607,-0.0015716892786421161,-0.015985425249898554,0.009109705026841535,0.010665653872742396,0.0025932518230753505,0.007445633010340121,-0.02218069086754896,-0.03235389702582188,-0.00131110312277541,-0.0304370340139344,0.05054860306545332
1061,-0.005171944739193542,0.0022354874975529975,-0.008679189117626489,-0.007927234709933952,-0.021967073479437105,-0.011580601918117694,-0.009199200132449249,-0.01680138722425735,-0.013180549385969192,-0.031216511252126346,0.009204616425639663,-0.0024573474702824405,0.06135499787268869
1062,0.0033149255332062043,0.028774027609199837,-0.022525952289281965,-0.005340596475975543,0.013265003124097485,-0.030028664009112367,0.005744563780762721,0.004990152435151464,0.004370702963635661,0.030538408967834628,-0.00284996164814616,0.008101573216868378,-0.01099534241279166
1063,-0.023543059629197866,0.014335762772362414,0.004720071566405662,-0.028844243993555473,0.0018555045997707311,-0.004237261370886476,0.005200240748426702,-0.027685607980277343,-0.027810095487632025,0.032735616129767886,0.017739300223254612,-0.024436453819305093,0.019264854147968812
1064,-0.005647174872850689,-0.034560274566889496,0.006041668712907192,0.014077954447601761,0.007311046091472041,-0.037703683191400855,0.016181977807014067,-0.019268309460804225,0.010984510351227312,0.03409826207261154,0.00653818484423424,-0.0003335379767386867,-0.04118435139428829
1065,0.00840704808641018,-0.021269655411656357,0.02886277294994758,0.00263629095653853,0.0023339601380423436,-0.03623862703586599,0.016595716628841094,0.014739618071633386,-0.008052332018301508,-0.017656080185059864,-0.013611864967972178,-0.005100836405986114,-0.017672045940443262
1066,0.02796304761134895,0.027383123531729527,0.011258123724093988,0.006305759646271024,-0.033564734819266015,0.02228466761445696,0.011802638704881154,0.023893496985515024,-0.01786718734242979,0.01585334083749218,-0.0049684870755622055,-0.0251384158748016,0.02233139496227087
1067,-0.013483185318365853,-0.024590569231289796,0.034869896482384644,0.005084733784308476,-0.0076851015395679335,-0.04059140623593624,0.01643728380097127,0.010697493242248385,0.027260593879083722,-0.052518645806203516,0.006052512952236672,-0.013250711993079738,-0.005667777598425064
1068,-0.011590048099486808,-0.0009606082407900978,-0.0006737820283744842,0.013094108331836682,-0.012020031181467666,-0.0126571821378062,0.03425437109232834,-0.03387195437747916,0.006297566217490326,-0.0330681217230878,-0.0074301439337040006,-0.014613363863907816,-0.031355915937749536
1069,-0.02415949337546794,0.013395382997110954,0.028417856076699704,-0.014799467166360021,-0.0017007305221105045,0.00016607104695340387,-0.038272275891289016,-0.01650982572339373,-0.03808763830322559,-0.0007909603381689813,-0.0020102625842836753,-0.018566073117098056,0.0178619815103667
1070,0.01921569547385047,-0.021234817008035246,0.0018895343207678765,-0.01743605342176153,-0.021397645187764134,-0.006100217825842933,0.017807219720354154,0.0145943528702608,0.021047685638394115,-0.0045809351089881965,0.009573152863236834,-0.00020636917122107898,-0.025228038817542205
1071,-0.02522024531523959,0.04277141776783536,-0.017119087274860164,-0.023803549864594317,-0.0096225445012388,0.051359202995796396,0.005160830685524011,0.022299275800808396,-0.0035993884171189256,0.01950817840828564,-0.021585199668036854,-0.0021965151698856073,-0.027084479528193595
1072,-0.0020035119796597885,0.02958332687828531,0.0018851786372798816,0.03978204885161341,-0.027442759197389158,0.02443817576766175,-0.01688311728988479,-0.0032378070013498925,0.0281574396781097,0.020318522292341334,-0.003931315402567202,-0.0006511562024772865,-0.04468224851933914
1073,0.03655979919868295,0.03949515742534341,0.017225840732309917,-0.0385418054442621,-0.006101906429643331,0.02627486381034383,-0.01037960372113726,0.036326525189736475,-0.015525080743362828,0.009510984417565056,0.0010731050735609037,0.013517981800099875,-0.01395940650979821
1074,0.006911802611017195,-0.0029376417667655074,-0.022111028989441516,-0.034315194019591246,-0.0008019926936484556,-0.005799042548434302,-0.0042504796927866585,-0.026784532924134536,-0.015136820865938594,0.0013622453430979513,0.00601747805490954,-0.004074809119106744,-0.01428968558455468
1075,0.04157433287718883,-0.004183728250906263,0.013372057954085548,-0.0035073195497525704,-0.0036611033343853638,-0.029592867154186277,-0.022394660426144002,-0.00012545331440390575,0.009040742775284735,-0.0007541138296972583,0.004224097712697907,0.0024649399326214915,-0.01971956036058805
1076,0.016740556793766962,0.007719830396605099,0.029031310756786045,-0.00618336909105396,-0.010316481783129113,0.009525973668058978,-0.021935386517979733,-0.021243216615159873,0.003663143227564272,-0.0071574700098688306,-0.017215728441213052,-0.0022558436117483174,0.019734963075317663
1077,-0.007595961304667275,0.062162532860134206,-0.009946528974415928,0.022158532701725252,0.0011279963496072568,0.0011593760648800154,0.04270527890552207,0.0036457054001784073,0.027365764489016824,0.025298145451071608,-0.019463090867121252,0.01074934324431971,0.01068012583987314
1078,-0.0044216167390639625,0.021785702703912887,-0.026616019068073503,-0.002757183410583518,-0.049362374962614926,-0.010667588826898366,-0.0005498495106711901,0.014662554942620738,-0.0001735331443468105,0.030481203111943883,0.009990971785539059,0.02845828463266072,0.07264955081745499
1079,0.03187599325610712,0.006856644017042966,0.01648824737202041,-0.04775283555891384,-0.008285715125582165,-0.02227954910298574,0.0014475738422697433,-0.00012044794280156198,0.005499589063281522,-0.004485373548261435,0.003982030220530123,0.02958896619249761,0.010065293182215631
1080,0.004696783245839487,0.02450692011524784,0.0033356460789756336,0.00493987793269322,-0.043787460812071265,0.018345349706638786,0.02340779063492519,0.0037116757283103844,0.06721223240709245,0.008563876418487392,-3.535412101668297e-05,-0.0127173786029265,0.015281602495097255
1081,-0.02081269507833104,0.011366389925847665,-0.005422487966318795,0.019911489835409968,-0.011604255048579737,0.03634320146230844,0.030351977090426276,0.003557589908304709,0.06443653474663168,-0.010608271729616849,0.013231396595873838,0.015368754140948444,-0.001259342045759011
1082,-0.020037211948747368,0.02824275259925194,0.050546284932774244,0.021121105202504487,-0.01995855681760635,0.04509036449684158,0.017813918343626375,-0.0039304624903320415,0.027745991502621126,0.025777601888157076,-0.010186264893349724,0.0012354944749228994,-0.005044646189276624
1083,0.010034766582555386,-0.025748492911114324,0.0008792513756284004,0.010893980678085783,0.012430904720044076,0.01469203632544829,-0.008805789439867338,-0.023716111117828887,0.015100445574643967,-0.005942984625292869,-0.02541945636477359,0.006250243834093133,0.008105552722763695
1084,0.026912716457112597,-0.004591634101257827,0.022596952696714103,0.015987406673745288,0.028523956227336264,-0.022569111431942086,-0.0003299353334873699,-0.007090391126304016,-0.035362240096166335,0.01605450128394664,0.01911776676155921,-0.0029543766959937,0.012274972360743704
1085,-0.004878890503331267,-0.00984837767495592,0.02990852062689143,-0.016878310891798854,-0.020226340326597137,-0.0003086554117986152,0.006204667819845077,0.02020106432476664,-0.024505139214959056,0.04294597915420201,0.017233058068053957,0.05064669869756555,-0.011247818209204574
1086,-0.0008841096726916548,0.024282094532500218,0.010791564312647753,-0.01925339212459657,-0.0004381378061638453,-0.01046554642344863,0.026381912101717933,-0.01299757375129561,-0.01663348240592159,0.03229256787013981,0.045784380966708664,-0.0012250819311863115,0.013351757042106106
1087,-0.003895864227566344,0.023206634715240034,0.019059310642407866,0.020781867176786584,-0.003271418655679113,0.02517610325821283,0.012244025176515379,0.013429513636146263,-0.008657330217081515,0.027416282295039323,0.003630061392829684,-0.021168181436535618,-0.0029645624742787673
1088,-0.019301668879483494,0.0072037360846829695,0.030471083457916145,0.01828741963288498,0.025680329563247714,0.015338564802439768,0.0156385365514539,0.0010764212707987198,-0.002600336436271063,0.06855075028421155,0.008587849537738277,0.0022750406771319333,-0.0349406963752421
1089,-0.030508528167079593,-0.004453773797333301,0.0145040500280589,-0.0029266162229094075,0.0507620380494066,0.017003068448417077,0.019906236073160628,0.008278050058751476,0.00038040436795688494,0.03495716313004125,-0.0028264884023949783,-0.013974342734274146,-0.008184245271542094
1090,0.04355841325517146,0.022639649401159766,-0.005086846530364061,-0.032313546227521264,0.06447793371319638,0.027980442373756208,-0.0036290577711505087,-0.02944595358221263,-0.013468439687238057,0.06209482697748157,0.0019414296689525812,0.0034424104250118217,-0.014556408418121537
1091,-0.0033589196825123623,0.01663530599344202,-0.010438902736099258,-0.03649239224292819,0.030687610405390933,0.01824438645261056,0.008527427685180083,0.018202070960859233,-0.0078192035017146,0.057844597959821706,-0.01633599132338098,-0.007926393664111431,0.019159614811834782
1092,0.0009045076535872258,0.020702341752673145,-0.014718039727639659,-0.004936325975587144,0.038092104677671615,0.05206681127820821,-0.017378446074850094,0.0009758310122774847,-0.007267425733873141,0.03278965115761729,0.002749547987228996,-0.040607970884730255,-0.0038976685017802215
1093,0.008139873695239672,-0.0028276728533870787,-0.005493894205619677,0.005650276450667431,0.010791199280944831,0.0489457600200721,-0.002162567353410562,-0.01756043909694084,0.025948982781158588,0.023212194926864556,-0.0019525878173589004,-0.008853679801170612,-0.017587390132279265
1094,-0.04729457918160784,0.01875814986068972,0.004704379338949469,-0.00174767872396238,0.025021804851998536,-0.0006040620518158528,-0.010558585695555314,-0.0012904248162017788,0.018467572506249877,-0.0054963663121593,0.0018865416350016286,0.03120458419335518,0.018613524203824654
1095,-0.0028405573683711795,0.05693055798510847,-0.0023279027756933305,0.02858139410742981,0.037499491071631655,0.02771108549598857,-0.005272861950945099,0.005233741667539863,-0.017497974374856673,0.025460797653986435,0.027732286479091865,0.014827855265592549,0.004299096125028987
1096,-0.014875027919905368,0.00739879468372097,0.00736902574272552,0.03360748139069979,-0.009604279943512732,0.018351351208850168,0.0017544723081883255,-0.009540856361108706,-0.01557437099877033,0.06735127740392227,0.014585578469491177,0.017335512095677394,-0.004794430220737925
1097,-0.011474590428294542,0.025015900202339646,0.01764757867586449,0.022161699840251833,0.02676973836763829,-0.003648923229054298,0.0052554667157724624,-0.05393308758264683,-0.008802773732427983,0.04627628582425629,0.04862774163374703,0.045203149957875874,0.0013846289691525464
1098,-0.011081253423321941,0.03792638312063753,0.007992540408007462,0.007913532912704146,-0.023242356219265594,0.04232255070401088,-0.010899760535175823,-0.01106907904794346,-0.012136096432608696,0.051591225709702086,-0.001588308304856337,0.019780571290072248,0.010616293478398126
1099,-0.008712846645538426,0.04015894046081466,0.02201393831886628,0.0037814792282168134,0.01747368807170974,0.04305323418774503,0.006967085704859888,-0.004410851302205233,-0.017753667409218625,0.044139659514956686,0.01842393907916359,0.007466911110886358,0.0467719863912931
1100,-0.014491361958661556,0.055275167254630504,0.011204676333119189,0.0026280974782172256,-0.030849305292041534,0.011907485746205575,0.040198436485175286,-0.017514662600008515,0.026819817491862716,-0.009835486172577654,0.01605456246201466,0.013102620425587014,0.027601421440279977
1101,-0.0008367328081960344,0.03484616731090363,0.003821801303395793,-0.00018686272802477676,0.006527564412739739,0.005868306750708009,0.0036403360544420586,0.019630313655033794,0.028199339340164938,0.012130973631803061,-0.000852303648101005,0.04543340992344196,0.010314522749556503
1102,0.0025788043433994344,0.025289699097775026,-0.021820395418160967,0.017776677403117766,0.005235329014031918,-0.013603882549980094,-0.02185523489086669,-0.01379930298203989,0.045987351232572186,0.010751348454806863,-0.0040991477385768854,0.00991551622617064,-0.012604934421256726
1103,0.036748672800034736,0.056424910590468516,0.012529529499526612,-0.007732055726135304,0.02615341476091497,0.0032042128099246782,0.015280690026775864,-0.015822595561858006,0.03455242423679712,0.020660746954285755,-0.0038261584781962427,-0.009568935443108193,-0.01294432920149946
1104,0.014785062768526619,0.041399710162735436,0.030375054865418732,0.013270398540964911,0.015011941356781073,-0.04800888736918551,0.011647942005228812,0.013285508855708839,0.003954461730011642,0.016768425127628432,0.01963317421393851,0.023240181064847047,0.0007756219712734603
1105,0.0041778091466180434,0.0753019390814861,-0.008157294692274983,0.006180397977801589,0.0072745532107194024,0.04938128680701691,0.007791760530917289,-0.01297046744550588,0.0061372291026032776,0.07001165396663342,0.006031845306363837,-6.463416285241595e-05,0.0024471064875726785
1106,-0.010184095144584442,0.007243360195255401,-0.012996749902026658,0.031045354684068494,-0.010541372632544024,0.04139359579050213,-0.010786020515198901,0.004845511039565043,0.012048265974111664,0.059594212005519454,0.03390102091295069,0.028823562271978465,-0.005694835770708491
1107,-0.0098030893289677,0.011448280217390347,-0.014960032519132867,0.0007083705953017958,-0.03542405163490669,-0.010957264654968232,-0.003463601862548044,-0.022133940636572237,0.02016672512991649,0.003588315280466923,-0.00870410235866087,-0.009642476885708027,-0.008968515779473525
1108,0.007420782939473355,-0.03765212476265833,-0.02212045939203899,-0.023009298772872794,0.024576163932262488,-0.030544373105192767,-0.01599747439356208,-0.03223595606575595,0.02251143751122744,-0.02286642049496302,0.01903770474702357,0.03701986723127766,-0.0003847269455205438
1109,-0.008755346822677616,-0.01633505246976841,-0.014213212452603038,0.005481328756178656,-0.00945191231576484,0.019232442669295594,-0.01178300334992973,0.001339671519174141,-0.009195444123556011,-0.01583895050033884,0.01479637800577675,0.001193666627400431,-0.02567681009063005
1110,0.005361903070788351,-0.03322815658771769,-0.012141357636173015,-0.019210468435507,0.024112514851906804,-0.0001225648559584636,0.013130762945417936,0.008315251484325168,0.006500089653951583,-0.01935048581399762,-0.0055644980423828014,-4.6627908436750364e-05,-0.019696961344252098
1111,-0.00033407485346785185,0.034650311738534674,-0.022938515699326045,-0.023688007345300025,-0.01178494707274298,0.031294321718943974,-0.034590830685077754,0.014435318064157196,-0.008465470401828382,-0.037785715552942724,-0.0019115764869993735,-0.01745242214969374,-0.010846557966340598
1112,-0.012720597170323715,0.03016555248430346,0.00423096395910332,0.0004905856689970172,-0.021298442682856692,0.03528278224573343,0.017904201671047167,-0.020300953551013003,-0.0084013707939908,-0.03732914808082341,-0.011690255285773967,-0.03000755845377133,0.018422427882858777
1113,-0.0010020531237322342,0.0037899773433166316,0.01511954962181644,0.025989291218769934,-0.05242370976987919,0.02452136123681101,0.010403225047628015,-0.010699262365266624,0.028533993100745055,-0.019590284439192956,0.0053915992971713626,0.011104691135844018,0.0038939391846050915
1114,0.00872379152733391,-0.029865228716021357,-0.011287400935443311,0.03355711390756347,-0.05111788964527207,-0.03968731774040275,-0.05455579794000416,0.035609251435232886,0.021213197009054,-0.0013293116842894887,0.01943261196530837,0.02624830785159695,-0.024583039484543146
1115,0.0035780753313575157,0.0243548150633944,0.00849893079417185,0.0033233625614792653,-0.015061071950911312,-0.011429151247290954,-0.023627160080861725,0.011393578825916703,0.039769006843751696,-0.01003737097151154,0.028175356712714487,0.006846681718451134,0.024824266845914586
1116,0.016135225349779306,0.003911758503617621,0.015459708914176147,0.0034435766857276785,-0.022995093865882638,-0.019134217440040565,0.02636431013137598,-0.007721430326817724,0.041172001234766546,-0.019620893286945714,0.04260615129523396,0.031901241476527134,0.02736512845824232
1117,-0.025333918421538388,0.011130224645718848,-0.006274575572915628,0.012360471039892514,0.0023430484643312713,0.007320527082380064,-0.02160333583008281,-0.01672281903191359,-0.0033274362475774156,0.019638593967752558,-0.01480532466934001,-0.0003003521140579579,0.03789810654243667
1118,-0.011359706202083012,0.0002208249820241414,-0.034899688380579046,0.002800137822980446,0.0114472633021198,-0.03396095884391383,0.027036672823003028,-0.014687165915237107,-0.004683391934078852,0.00481828447845056,-0.013003848855580409,0.02522118899698514,0.008200818399724034
1119,-0.03210521877349998,-0.03765136816873468,0.030488889248811792,0.04990732440044971,0.012175992704603575,-0.027362993802808225,0.0030556929585187987,0.019280888836684627,-0.010950565398499682,0.009123569268823416,-0.007954165327725188,-0.0029204625454409025,0.023290918352144335
1120,0.007554086822339841,0.0030342946606084047,0.017263105866192865,-0.004960620856774776,0.019967059813558438,0.0030617290555246483,-0.012372148268609056,0.015382766003125523,0.023564374793303807,0.03827690330400346,0.008253660856677324,-0.0020031376296520517,-0.00553612443669736
1121,-0.007576022910014516,-0.025442162997321244,-0.007705996305144337,0.014839369069209869,0.015974223460633333,-0.0016911108555589132,-0.04062665217349649,-0.014780148140358872,0.03894861961455906,-0.015254133571570322,-0.0074883311572532035,-0.005534596533811742,0.03457988321467463
1122,0.01942831533476929,0.04556877478923772,0.008058423547277972,0.022691654812823377,0.004528133637817493,0.05201497246481643,-0.022010094629434103,0.008359885477184135,0.0005970706816077078,-0.019944170287706443,0.03549020037387672,0.016677729243523207,-0.02041007090943095
1123,-0.015205130781893903,0.006339491321364678,0.0022157767002929617,-0.016621826851711513,-0.01589945241010513,0.012627279411664217,-0.0015686677598792543,0.015394021431950683,0.014280807653729683,-0.004737793802546399,0.02623394179384205,0.02214991908280778,0.012122036186948865
1124,0.023442319519590842,0.0024657930498267313,0.020981224854160894,-0.028063087497507622,-0.01030117500862285,0.0028481420225251832,0.011851256759165187,-0.033378244532336114,-0.0016711483864479374,0.031235537228824346,0.017620754906384786,-0.02440556385851606,-0.006116428193881204
1125,-0.03310342652250301,0.010868267661654517,-0.014110642354770274,-0.013292864894647262,-0.026150238549990427,0.0030331630140746704,0.01922171418357217,0.0009424935308524634,0.002824650174456246,0.04335228434913812,-0.003989877231934285,-0.013205778113948076,-0.015803261572988968
1126,0.015208491325390525,0.0024504758822780116,0.004783820783270209,0.02931646329089333,0.07295840622510759,0.032866568936091675,-0.020698255412993877,-0.02089019061592552,0.0052062778950803705,0.048473386607781346,0.015283077750115242,-0.018251693421530973,0.014176371820062445
1127,0.010633452109832256,-0.0005778753824173664,0.036395036122203746,0.019889884261156357,-0.021319869034934255,0.04570868326173425,-0.00941772027943991,0.0014849770559766209,0.029434936013546548,0.04414889193659262,-0.0023523913637563017,-0.014515919262712562,-0.00015510151163918313
1128,-0.009822467057716527,0.003140017939016834,-0.013158816890284942,0.020750226636623563,0.0030915294347155058,0.004376567979352538,-0.013897683471715428,0.004801171460607734,0.006922486550957993,0.05864749087718504,0.005644230638227735,-0.017809052909121943,0.04696735626626617
1129,-0.007749369497758083,-0.005492577778210717,0.007508742328110303,0.0132204181228512,-0.008113980883113691,0.0012726165714045177,0.0018851895607844469,0.0032430502530356943,0.019422966022867683,0.02788778485179687,-0.010468945851098472,0.002231336013060823,-0.029005606372713665
1130,0.006928232175563407,0.00426960320823539,0.013331195929678092,-0.008923568613296498,0.049412838945301574,0.01998107374122907,0.008651253112375199,-0.0074885601536500215,0.007115754281448164,-0.0015175877350578548,-0.009552124184828108,0.01729106125961348,-0.007804398566624263
1131,-0.005344012349724381,0.01747058720773078,-0.014193434808388894,0.001567888055445018,-0.016227890998463536,0.024422790055644465,-0.002902352208449236,0.00820898979913111,-0.013029838263157931,0.03770968252800918,-0.027417741751064952,-0.02367380030519837,-0.014415248707814415
1132,0.012017883685902066,0.003438690152648484,-0.023150681552120748,0.008861099516419817,0.028850667812324097,0.001738398775471053,-0.0027339627351235063,0.006472532355230779,-0.020477887366380145,-0.029205481221345097,0.006912646395765236,-0.0075393383807206915,-0.022404843553309746
1133,0.03086452989638833,-0.0027530480578854422,-0.01764449788174713,-0.030159184492468037,0.00013336027917485027,-0.01717388534839931,0.03151842835879232,-0.007611755111117304,-0.01083002624893876,0.05427045349828389,0.00624692311777141,0.01803288874282911,-0.009369457189317743
1134,-0.006585134079153886,0.010391905222942106,-0.01407586375444001,0.0018162434277528953,0.02412933377817664,-0.002353662009042085,-0.012155746716125971,-0.010313704460521787,-0.01761038430933066,4.355047741464447e-06,-0.0026824547808281555,-0.007455539620368416,0.003688982868770544
1135,-0.033395145430488805,0.011630479458261199,-0.026323227006450935,-0.028357249055804168,-0.03125769957947012,-0.02313846415263461,9.457250344506836e-06,-0.001322713286483462,-0.018721439839622586,-0.012901742383366511,0.021146006360102883,-0.015978568435931324,-0.00403678140173644
1136,-0.030349171356657156,0.0021218572589598132,0.011560485870944642,-0.04519809474442812,0.03990938683982797,-0.006513270167040405,-0.00413910363726672,-0.0007119590717363829,0.001698132580811059,-0.03680196353583148,0.016743801053744862,0.008649455729440559,-0.0333929073753403
1137,0.025503531384724117,-0.009572138492901578,-0.017109169777919393,0.00922686300067924,-0.028684198889142067,0.03512673588837318,0.036920355274406555,0.0267940810052571,0.006141855419032212,-0.002619774640779491,0.0021213569673551543,0.004841545168363704,0.012607582766371295
1138,0.00880952834165038,-0.0424233356530988,-0.00022825965149590288,0.0022699925372701222,-0.0315211623641175,0.007884069906525347,-0.0017174468766031614,-0.008470216057074554,-0.024745868298045738,0.009235162562547194,0.008372030767895418,0.007459793662646569,-0.010382680062377195
1139,0.007209486308485945,-0.031503040603183846,0.008070718768662692,-0.032198277840607366,-0.027208562934185627,0.01441958633096723,0.015454202991460024,-0.010356847758962525,0.001967085712696561,0.0344111666343705,-0.0066192366923919135,-0.005243531902282684,0.015815086234122862
1140,0.006402819650845093,-0.021924789349758528,0.02056178892658,-0.009888265594268666,-0.03072168192224465,-0.006266222250601832,-0.028699094146177943,-0.007678181254231584,0.0030259921821213314,-0.04486271451218004,-0.007695948381539841,0.014344349163463324,-0.05483701079570227
1141,0.02084960592242584,0.019724987115075653,0.018840543335454995,0.01534396677899281,-0.024342507821004358,0.01912070506421688,-0.0016429795651166329,0.02090040061392263,0.003482568361173325,0.03190245255817273,-0.0045741258574345306,0.011488945685508848,-0.033420891117550346
1142,0.01585905963896966,0.01418055789954201,0.022738631873659418,-0.011108913451759558,0.0038803060771666724,0.022994968468932068,0.011858392127068434,0.012876412523805485,-0.010776164395644085,0.012510889661657674,0.0023739625430682304,0.009670914544994618,-0.0213437357494395
1143,0.01812332991320773,0.04113367580441692,-0.009942970839251894,-0.005974084492039905,-0.023671949653355756,0.028010379973468284,-0.0024971546621552544,-0.0012124917926219362,0.020304860113994752,0.02143869123309443,0.013284798667304917,-0.009975940467817385,0.04220580349109423
1144,0.0027562571988238227,0.06727881394344977,0.007691105518864375,-0.004428121878960633,0.01864969449506375,0.009373640224107804,0.0019604846179991256,0.02140159653091712,0.025650836359753976,0.06719266995572878,-0.004316878740833314,-0.006087033050918605,0.05114591656409875
1145,0.0026907480536885846,-0.018587092380331086,0.00920503121013287,-0.013679647740585388,0.005966134049839008,0.0021797528055174007,0.03550304625612622,0.01733238059350389,0.010756198933015635,0.023418338085851264,-0.00323119026685263,-0.02287984861260668,0.014327477951555397
1146,0.017868671993136277,-0.004231936208832545,0.02043996151939847,-0.031598024469571474,-0.021471343631639484,-0.008456861930340134,0.010765818834254011,0.01352616194167417,-0.04257998351239121,-0.019702561502815748,-0.005398299984001095,-0.029939771747430156,-0.01405497976377803
1147,-0.0018750440783723542,0.03928620595026617,0.01596342105391067,0.011726268332983684,0.010992717150786582,0.01653745909211542,-0.01583567561171121,-0.008246817893042838,-0.0007319755565985149,0.031132038745408968,0.02581993836073858,-0.0043538766943016696,-0.010402553081694318
1148,0.05210119760773785,0.03556489745342445,-0.009303815095476004,0.007229893024273402,0.038383082346294,-0.0027358876104722958,0.0010410514859572288,-0.020664842383537833,0.027447150092195612,0.026361426457269018,0.011739667267113117,-0.007918622119946558,-0.007740392445933815
1149,0.005603262716022553,0.01957646967239779,0.02328214902843559,0.014612920034481836,-0.003659163007732201,0.023078945455340606,-0.01788977024205326,-0.004974800592373815,0.011307434821102719,0.028641548236594316,0.032041509214207814,-0.0018539256253785389,0.007756831690426969
1150,0.007668720369963467,-0.008194306620952446,0.001864872575194343,-0.010635985266796294,0.012901341774550169,0.004213912464419871,-0.0026442673463866486,-0.005288526529609984,-0.0171400956591075,0.011737133386497197,-0.02410441321807693,0.006843976551852352,-0.017591909623950967
1151,-0.03226123614634633,0.019394458102345306,-0.003252564964884251,0.007106826974102428,0.00013637311248188765,0.019001295687359573,-0.033133899939335784,-0.06691944661492241,0.005952101975918832,-0.00524072070726675,-6.37967235350283e-05,0.03073274007410445,0.018866019658742142
1152,0.028684147811153814,0.007874202599404214,0.0013238888899272329,0.03785238095561866,0.01698306155262298,0.0007281566049347376,0.008621646581543999,-0.01209766461718884,-0.0013249481174542666,-0.013244586409073014,-0.008884693841304251,0.01796331914383911,0.03156076592816097
1153,-0.0005349927401515418,-0.005806094288689899,-0.0009182449417255029,0.011857848896321,-0.00023951056576084113,0.01615124549163446,-0.020754971329524172,-0.018102525588890923,0.042568246511535776,0.0187495074498081,-0.012057467628539082,0.020086164161121144,-0.015320935756990587
1154,0.008763482822524933,0.015741847328176888,-0.02291821436668388,0.0040099431330184055,0.00017807973989258816,0.006990170482253308,0.004293725708255642,-0.0006316028674936909,0.023698076354714836,0.042326043970818295,-0.024253550544197786,-0.008104947209287859,0.01787398158313989
1155,-0.0016332459299751845,0.00902809870720911,0.0021713200144832527,-0.02166409159645622,-0.03931319738659498,0.03902164322457735,0.016525878418749813,0.018125397497631295,0.019217795711641065,0.024526429309108477,0.005282229070566747,-0.022050653214707838,-0.005888568418755753
1156,-0.029466165362508834,0.024762030963062398,-0.0012849570549151898,0.018945796771175645,0.010833012579659808,0.016908689280729305,0.057299789518727884,0.017925741607090144,0.01636503751113812,-0.010065166692526056,-0.007865067118137507,-0.012972318326218096,-0.03380001970435551
1157,-0.020478764100786997,0.05649223565173501,0.008879883490260013,0.019289757781479087,0.006146442677798091,0.09357147948596774,-0.0009379698690018081,0.00045815531834457837,0.007610479242925849,0.060070730555711646,-0.0009541294063333339,-0.02969876268602668,-0.019071112108897136
1158,-0.04002969809247493,0.019065225656154094,-0.01640820266109824,0.025675911168096793,0.033652839105206424,0.049501303687000335,0.019967513814704674,-0.006100605134633567,-0.035681588029540426,0.00655708024760745,0.022173455790235327,0.011131600731351571,0.03150433104614835
1159,-0.03610671155073445,0.021159878327419362,0.004323322010914631,-0.005734842048315166,-0.03476057075158066,0.005075277204892546,0.009955817390611977,0.00770018956479977,0.012980545250889125,-0.004524779657773364,-0.0072374082801646014,0.015123055572730885,-0.025854070333270758
1160,-0.009966418017491863,-0.02217989700777217,-0.015532643051338422,-0.04308912946412003,-0.00840657401146339,0.0408687751984555,-0.02143818029648215,0.05642243821229151,-0.007715322453010952,0.006549201478805931,-0.010687796796528603,0.014826785817764665,-0.03794189137899141
1161,-0.021488524321817932,-0.008013249196794844,-0.008585955932111334,-0.040417715752298404,-0.004731179048027307,0.028655957943497207,0.01675198751335951,-0.0347473094886086,-0.026031949625328742,0.023113664206280145,0.016361576602334022,0.0018546446721879313,-0.004191574786570773
1162,-0.012941853062649746,0.008747921466279101,0.012629191845254963,0.004975233771247709,0.020546757429491806,0.013274932701371431,0.013060320181923851,-0.005178684208805948,-0.00624286344500824,0.006536204973608006,0.022099534269726977,-0.008225219752385122,-0.032616389581488506
1163,0.0029698349970156157,0.008902504500425198,0.016613471617225047,-0.02035251111339507,0.021519900441318216,0.04287641175139024,0.04564962924232206,0.004853599365201261,0.017962076687538867,0.014868884385831298,-0.0017049177580860456,0.027235617245381098,0.004793852372560909
1164,-0.0516587962877845,0.01918389482094809,-0.005796561472465772,-0.023553698441311305,0.03003123562750165,-0.019252825301416043,0.025439461975374302,0.0012660232399203215,0.015299937643035853,0.0009019128844694216,-8.419025036644346e-05,-0.004205830346276026,0.00621233293771
1165,0.013748874556159132,-0.015271716303028655,0.00461107525345123,0.04587026617021265,-0.047496639806640796,0.014821232206766441,-0.004279908888623991,0.02390984611284915,0.01103009287364295,-0.03198757578976027,-0.034335865712208626,-0.013306212124680153,-0.000895992892622031
1166,-0.0018819463446048926,-0.004500664660623738,0.018639070503828306,0.02159798258760066,0.014507182024805448,-0.007915619948371195,-0.008511469440691486,0.003736194401719592,0.015114143629081287,-0.004062355048730594,-0.005794801542133576,-0.0012234812594833784,0.009625597356707798
1167,-0.016834509609181342,0.018138663751653978,-0.0022362588860848453,0.004910372926824247,-0.0378955974280605,0.0026951240106835384,-0.016196854547106232,-0.011746950472510195,0.010602988340852618,-0.03851195802054997,-0.018338359921955757,-0.008907612924391508,-0.012079534648045967
1168,0.0015518146005301461,-0.006354769365563934,-0.023614051655366338,-0.016902181965632708,-0.03147720736388969,-0.010164598178522666,-0.014336131310685585,-0.017438627610171037,0.03614801876038542,-0.039026288000587134,0.013309350514026076,-0.0067548041442402765,-0.033956778820108315
1169,-0.01633695770308847,-0.001014070845156511,-0.02670269245778556,-0.01331228188437433,-0.009379797193732234,0.003546868265174142,0.02278065144970429,-0.028563756345123627,0.013540087015169818,-0.039233442393401645,-0.008262970893034913,-0.032071492028422875,-0.03436776554787957
1170,-0.035545651047654975,-0.00738114814064348,-0.023606486610203682,0.007870115894703673,-0.03829036501043834,0.003986175400036051,-0.0416758494207367,0.024488715013578632,0.040486566789090364,-0.07127998195363998,0.00902383420593467,-0.015263165152685635,-0.024496653253554938
1171,0.00029426678570132253,0.009806814298922792,0.002731708044510782,-0.04369250014544168,0.012345869984662394,-0.05814181578164728,0.004112187051955884,-0.0288493585468863,0.007883765213035722,-0.021086369018678913,0.002206163756170344,-0.035208475502479866,-0.008039094427702806
1172,-0.02919846610031401,0.006942268141839498,-0.008019280764267249,0.009125872347295014,-0.031150305178213187,-0.01051184623395379,-0.011069437194967766,-0.0012949501401349913,0.028229152319453124,-0.003831549373652686,0.0019797207409267895,-0.0027286001241660592,-0.05891228554738967
1173,0.04073667837752896,0.0025597661320030675,0.006771935188909626,-0.019310843890991608,0.0130943647200559,-7.674124668945715e-05,-0.035309518803462434,0.015890699057622984,-0.01973724563210613,-0.01796849188531508,-0.023665129573457656,-0.005955472761823592,-0.014732319643086751
1174,0.006596549992842656,-0.06862815133725289,0.005819974758974269,-0.0020792111210492406,-0.0015842483329363602,-0.011929558836605559,0.006513433911767732,0.048462924648022536,-0.009428191913118977,-0.03339162267485126,0.005906506825608722,-0.02921905675857346,-0.04188733292675564
1175,-0.015143102298901619,-0.05312735335781258,0.01785187270707686,-0.011783937707953978,0.0033271723757826678,5.151356917406452e-05,-0.03901041591276387,0.016478166652030227,-0.03991920900610709,-0.055983025059407714,-0.020654964670999844,0.00536025833061604,-0.005972298441024461
1176,0.015790611110432746,-0.003930775145158703,-0.007590830815088757,-0.03433483803572975,-0.014113828023801823,0.02279238674415522,-0.010511782311091681,0.02980206296088291,-0.0004268885631071957,-0.07186612230300976,-0.012376908831190381,-0.018715765217983547,-0.017124991435044108
1177,-0.003850483780235488,0.02644860619125999,-0.00315730998673323,-0.0006083117760352728,0.009205847303961779,0.035191280724167245,-0.028774489268826437,0.04864484338826832,-0.009576401766783739,-0.018539570935286513,-0.002350432653935196,-0.04976018846397639,-0.018067841303658145
1178,-0.04466422209921502,0.030287460943248343,-0.023069088401156717,-0.028638508010059332,-0.020104278849213966,0.00860680357515183,0.0037292683941332052,0.006424596979067588,-0.03736550461620381,0.0033190570724895385,0.0016038865075769801,0.010510489935160357,-0.0058750941712873185
1179,0.027987734589998262,0.03502236153572767,-0.03672541339282072,-0.0005202981624914904,-0.009624622979672925,0.011577864928291005,-0.005754672262548683,0.016812175785187615,0.023735927984589688,0.006680886322854342,0.0020054275394136853,0.002248657116263506,-0.03350407995399368
1180,0.0030128503357625042,0.024486326116093873,0.0010905390062739381,0.004843803994733171,-0.029135527720022543,0.007424533261607123,-0.028203994018625632,-0.0021749492839501965,0.012754582185192365,-0.0036066960034849163,-0.006414610850844497,-0.007822386918193125,0.006676785811387808
1181,0.0018335810713315237,-0.017097956790683613,-0.0014362456454747095,0.0044966132515468805,0.011673408521500834,0.022427522358828174,-0.0034545658288519378,0.028943631779037585,-0.011746394070932637,0.014382509578931637,-0.029742504296281398,0.004037056324693651,-0.010398874259355467
1182,0.01401561629985468,-0.006410777204760746,-0.05170153841021984,0.0053197137165324395,-0.014650138496854264,0.01648724402900383,0.010483469734771891,0.03773493709785353,-0.006602541889421232,0.004393133143249012,-0.0008231359709547095,0.013229889198091952,0.006750095467989399
1183,0.012809387187643127,-0.023014055492632524,-0.0010295087167845845,0.047054839255062965,0.038441219959897174,-0.008375439408456559,0.007530695739603683,-0.002130613402811976,-0.02064997986235449,-0.03203778831021966,-0.0013279128114153,0.002304019963045509,0.0005419528592555996
1184,-0.0433147863064245,-0.041397574745852345,-0.005520385897099379,0.005250935843744681,0.005762905888119385,-0.0020982755315477504,-0.023913420364054364,0.013150712795906691,-0.01922765364099816,-0.02153270837504608,-0.028586223105142496,0.02974669706485588,-0.006166181933552784
1185,0.021191613187765364,0.024456355021106494,-0.0002200234594303433,0.0564151739063453,-0.029654284667314432,0.029373066378090167,-0.007571575436106637,0.03983369265216028,-0.006984829486351784,0.02752010190026022,-0.004585029540201713,0.02028342214037308,-0.0065881048148476225
1186,0.0028777378522380744,0.013303320452217259,-0.008686393764233984,0.007201373284453767,-0.00954033187784872,0.017173713674824308,-0.02228721803579594,0.010007162892401767,-0.012298655778579862,-0.00695542903650809,-0.027563373692431177,0.02070371470862894,-0.01112282341782196
1187,0.004451253127216311,-0.032339926567085016,0.01758081099166274,-0.021976987854595578,-0.028874340507003677,-0.0013245471245600861,-0.005500306689407366,0.02440327054704477,-0.004679519415830333,-0.020587636901399527,-0.03539707306265006,0.019570740075482797,0.01030510255934103
1188,0.004052139169768014,-0.015637264375163235,-0.012315236263527773,0.01344029075002983,-0.001766100203249899,0.008439953894214598,-0.01417693763515436,0.01773600481048846,-0.029921296167498133,-0.009197044178173837,-0.004508155171820514,0.020891846837206636,-0.02527633943652767
1189,-0.0073241340061240305,-0.020811301819704534,0.045751622114267344,-0.0143482378884777,-0.004086192120182626,-0.00786763228299878,-0.002306713181108571,-0.018111304221315287,0.01443291717524538,-0.01582849861329999,-0.003156572730973301,-0.009350747580370937,-0.02631072254358503
1190,0.005495996575015405,-0.016857348199033714,0.01383114620361948,-0.011654846648370314,-0.012193978478177723,-0.020769399038933867,-0.022222311086602442,-0.0036661663024591933,0.026544793361606395,0.001133028661385332,-0.016404301407924874,-0.021916965084637918,0.0473030915773624
1191,0.012191886988105284,0.013571471597761113,0.006673405325728635,0.0035699242280916614,0.04301044130349327,0.010211574390617277,0.027067228470188383,-0.0032854069756301564,0.01448304053519442,0.020452172937801556,-0.010667052760328864,0.004274973335307357,-0.006915307060435697
1192,0.01003877418477562,-0.016933858100831985,-0.01298012970692784,-0.015075398846508227,-0.014560116261460289,-0.032383131667604426,-0.011347094530662398,0.005911822341243616,0.005506558709965697,-0.0038062774089719018,-0.007816882828166187,0.027668735350732564,-0.016517341735638246
1193,0.008106348070058247,-0.004106058709720026,-0.003774361673944481,0.017516985139097146,0.0014909225846340191,-0.005202215917193669,-0.019641795003795863,0.008183516306514677,0.011975266085766873,0.00621603024692222,0.005625382798868687,-0.014586589336989553,0.006303125595941637
1194,-0.009109144334945076,-0.022498190254066297,0.024368762338885817,-0.0018509580505644138,0.039467512195480906,0.0033641147197042433,-0.011367126353472244,0.013087128629280034,-0.014012600002643009,0.02495172207888182,-0.003703479168419318,-0.027195279229598548,-0.04134699708163282
1195,-0.0290046297043508,-0.03614993077483629,-0.020356938080326247,-0.026930269455704606,0.004368794755101127,0.006919935348606062,-0.007767693777761916,0.009348769694940053,-0.0036310868912647885,-0.020847983365167026,-0.016460160074485676,-0.03741505463040054,0.01610643573319231
1196,0.04320453861753143,0.0036750495270412393,-0.008805199988830432,-9.994569274778816e-05,-0.007344690697403451,-0.001468767885625218,0.0034465010117667024,0.04531959829170023,0.006699464810963229,-0.01120384445817543,0.011976899963974415,0.017302852994401888,0.007996997893532434
1197,-0.023647842053123622,-0.031629164908129885,0.013084981956502402,0.013144811709763308,-0.02371034442747464,-0.022630080520374143,0.012188054447322275,0.004319628082580043,-0.03700358698916418,-0.020360083538984188,0.004642449937983546,0.04168190326969097,-0.012537307888644976
1198,0.0005931561404713047,0.02452955703319003,-0.01402682801324167,-0.0047726366136715236,0.006543801218078875,0.010741360643768853,0.00035981280715214356,-0.002438292446262496,0.012595643427244294,0.024363081089228123,0.02338025219454014,-0.019593258294120126,-0.0019888929765459564
1199,-0.010312506666615326,-0.01768600931024138,0.003524480955910351,-0.01913431777415205,-0.01084960226738045,0.007540406713551858,0.0026391965538401,0.036339632712349024,-0.06139255663237889,-0.03034219014929958,0.0028996162883216815,0.005494144740339491,0.007459412107909361
1200,-0.0340801095709927,-0.026711796409487905,-0.00968570635595236,-0.041775688637003,0.002593051556991744,0.04232033294229629,0.015934211825045837,0.04719758713571999,-0.0016180604129142069,-0.003571274071659268,0.0141705487304595,-0.019057067548961703,0.0005174901964688456
1201,0.014472479086778558,-0.011714770506576865,0.00815576701654918,-0.04643631168358875,0.017846618689172263,0.02837869742431494,0.019668424832077824,0.03140879749702926,-0.013640292698078675,-0.03792921365053571,0.0033233135161862327,-0.002146961788044546,-0.02942895064174562
1202,0.01615805716163637,-0.023685627755605832,0.011165690341991705,0.011060229307220374,-0.016453691447557702,0.027718246182714606,0.01858187030391941,0.03841366396635822,-0.006211584695018928,-0.04094200139115752,0.0032393066407353697,0.015063589431577037,0.0002771034910075782
1203,0.013077090165299753,-0.0002953996396357948,0.019319443589863722,0.012824809816288456,-0.02803982964693674,0.015153093300172293,0.013593756409845772,0.019845636941263373,0.0280849462335962,0.010607687840047115,0.0070503753733144586,0.03316132203003019,-0.042023827631993756
1204,0.03705485850708788,0.02063143217405551,0.013475870270675837,-0.036178999948606,-0.0001580270360912475,-0.02501104352423581,-0.009232949730685879,-0.007199647488033425,-0.039725668844878576,0.007551891172769196,0.01117949550949502,0.014221899252345044,-0.03342189195658321
1205,-0.01279189469523958,-0.04683561327748661,0.014328154248049332,0.024257031948161884,0.008000688930220809,-0.022001881861366188,-0.010906466727780182,-0.014165340009504309,-0.0038705972405848896,-0.04834108510332427,-0.019614104313385044,0.027636248803156696,0.015401719635315489
1206,0.02744919588166494,-0.014811330717564112,-0.017686719264334697,0.00950231671071871,0.031146534557581613,0.0015315055991575869,0.0017833395973535983,-0.01885836448092397,-0.03261640987374224,0.02768130915514032,-0.0249812514182165,0.012751031611886468,0.011080294668852497
1207,-0.02075749055264149,-0.0016140144916923166,-0.0030166039132136333,-0.028141749333312906,-0.03758154388470356,0.00011466833338516815,0.007681047627606486,-0.001806059466960313,0.0035509493969362507,0.011532502527640065,-0.02976573771662503,0.00570174813341373,-0.03012125029130472
1208,0.007405925580164063,0.01941196264435816,0.010034661668376816,0.01246659529172417,-0.03222345648223114,0.04172456704571877,-0.010953643255051491,-0.016825272131098145,-0.0035525723927482913,0.029442409954808447,-0.02079233481320477,0.015475136831508406,0.00224617055797148
1209,0.016477272144292624,0.0273571703031697,-0.014784322162688626,-0.03168275151592531,-0.03535188212518084,0.0011327585290126054,-0.014283440770076695,0.012016276609293403,0.007888874022078083,0.02844807357712858,0.005640256715558231,0.03349685123658641,0.016910709407684972
1210,-0.031553508285849484,0.03496863015064849,0.005366802959433328,0.020870120230990996,0.020306830079582214,0.04561613917235378,-0.0071497183286742694,0.02916073257722446,0.025413479381550058,0.04552301282189615,0.021179903502164532,0.036824373226065035,-0.02825263956611007
1211,0.03150620648852171,-0.022557408482278628,0.00012238552079000162,-0.017332466569396392,0.025177519977337474,-0.010110818659401128,-0.0009135773740785454,0.005972540231505987,0.020957766645065098,-0.012145141981045882,0.010670789638479746,0.003979209822046739,-0.0038751848324204163
1212,0.0002172217106361216,-0.011099756263350824,0.009095673874836226,0.0210163475611909,-0.011566414600991405,-0.01511634698878347,-0.019104776734322794,-0.016817562247723263,0.023286083231629763,0.005519234872181912,0.01884142136082733,0.023567559695699083,-0.001749362322120963
1213,-0.0005909265130780869,-0.044169692822705026,-0.009794361200930824,-0.00588343266584913,0.017389959634477467,-0.06278841780103768,0.0074848652248779715,0.007618400790743685,-0.016218218745490395,-0.050262498541923155,0.007462345773104669,-0.03905770982751774,-0.0153974761849622
1214,-0.032032790452426026,-0.06063270449246588,-0.02365769677802141,-0.020368081008563542,0.0005664615817755115,-0.04125950272704848,0.008908707699511827,-0.009133959835148914,-0.005415539195436022,-0.05150599298276102,0.016302082155753454,-0.014478506231047383,0.013172319291638129
1215,0.020856034992582883,-0.0032218854036725033,0.018511185560159148,-0.01175108405029011,0.0274215278521044,-0.03099851958864981,-0.0027742921505824517,0.01570263993369905,0.0005731867934594317,-0.027021781438820384,0.005995388112370791,0.005780572227149341,-0.007788184693846726
1216,0.029210437528748176,0.001809587943415249,-0.024984044813710214,0.0015595087016151718,0.023465717905147104,-0.00864827583659859,-0.005063278441575078,0.00881566509346963,0.00922856820913394,-0.0011889700168221254,-0.011305280802235798,-0.02119736181647686,-0.049809821705904284
1217,-0.008487714652285247,-0.03602112726875091,0.015413302248927807,0.025551840217943825,0.005324405881937917,-0.0436195367902646,-0.008476826883387415,0.02783425412714232,0.004583448846164028,-0.022609784281585596,-0.01643667355470982,0.02488017940664804,-0.031283552049720775
1218,-0.016487817884167432,0.016369959784005062,0.000483318958199057,0.027580547525519125,0.006316668978870206,0.005377711515522902,-0.0005978633703190834,0.016515844484658173,-0.007526764533759798,-0.04191730860667959,-0.013364594087315626,7.2356867593576384e-06,-0.037249177953888
1219,-0.00011675688942716757,-0.02630931117631274,-0.0025567424011716682,-0.03788709541750508,0.008445896099716254,-0.0002889475490990947,0.004218277170790146,0.006054534471379971,0.0001056604118453843,0.02356255697044306,-0.03465810142936475,-0.0064544789034636915,0.0005293049776136441
1220,0.029466871944495033,0.020377850735201673,0.00625479349178371,-0.01980505289049529,0.015095272883462844,-0.03312577675944135,0.0053309485209709654,-0.0154914561763137,-0.035004708864675674,-0.0029410710436880683,-0.02978595535764856,0.03086144184732718,-0.004753472956028301
1221,0.007135069131769941,0.036469231267534215,0.011539102875015824,-0.001537117584856777,0.005460187679981395,0.04060522695012819,-0.038661149135660815,0.017374269161978144,0.007004266266041528,0.053071776771991014,-0.0021940179627586973,0.00982632316394695,-0.02133233831193467
1222,0.03959465409640843,0.03368095594399386,0.004614630849015229,0.0009095145895369523,0.02410495914579526,0.036763524261869504,-0.025558895242345184,0.006306121853614384,-0.014433405562672327,0.04943608924326622,0.004282626076674248,-0.028064102755025137,0.016324305149919997
1223,0.01690485846213842,0.06027581018036298,-0.015775521748535987,-0.017613696386227944,0.033731716229483504,0.03383794590569671,-0.01035417215497137,-0.01721158748217767,-0.007354309807803649,0.0368849903221714,0.0021564496508417207,0.013955318686381285,-0.016931881666541932
1224,-0.0038745659731106393,-0.024809121660991584,0.015989760117040317,0.009789405951974662,0.019309626297735645,-0.00284695271389548,-0.008396325429955762,0.018908610057053552,-0.05110356409044708,0.020744259062879356,-0.0024465671534346124,0.012133266445264555,0.028279231051726295
1225,0.017524563513398657,0.01998973810946374,-0.0007703658319341574,0.01708826900455114,0.02215981130640857,0.01816042122944705,-0.02401531860892473,-0.00925225700465035,-0.02220652349711947,0.043640266332819554,-0.012540339220774438,-0.016115545991914712,-0.0010850007675723256
